<?xml version="1.0" encoding="UTF-8"?>
<kml xmlns="http://www.opengis.net/kml/2.2">
  <Document>
    <name>Map of UK compost sites</name>
    <description>Map showing UK permitted compost sites and those that can accept food waste (ABP) and those that are Compost Certification Scheme certified (PAS100).</description>
    <Style id="icon-1769-7CB342-normal">
      <IconStyle>
        <color>ff42b37c</color>
        <scale>1</scale>
        <Icon>
          <href>https://www.gstatic.com/mapspro/images/stock/503-wht-blank_maps.png</href>
        </Icon>
      </IconStyle>
      <LabelStyle>
        <scale>0</scale>
      </LabelStyle>
    </Style>
    <Style id="icon-1769-7CB342-highlight">
      <IconStyle>
        <color>ff42b37c</color>
        <scale>1</scale>
        <Icon>
          <href>https://www.gstatic.com/mapspro/images/stock/503-wht-blank_maps.png</href>
        </Icon>
      </IconStyle>
      <LabelStyle>
        <scale>1</scale>
      </LabelStyle>
    </Style>
    <StyleMap id="icon-1769-7CB342">
      <Pair>
        <key>normal</key>
        <styleUrl>#icon-1769-7CB342-normal</styleUrl>
      </Pair>
      <Pair>
        <key>highlight</key>
        <styleUrl>#icon-1769-7CB342-highlight</styleUrl>
      </Pair>
    </StyleMap>
    <Style id="icon-1769-9C27B0-normal">
      <IconStyle>
        <color>ffb0279c</color>
        <scale>1</scale>
        <Icon>
          <href>https://www.gstatic.com/mapspro/images/stock/503-wht-blank_maps.png</href>
        </Icon>
      </IconStyle>
      <LabelStyle>
        <scale>0</scale>
      </LabelStyle>
    </Style>
    <Style id="icon-1769-9C27B0-highlight">
      <IconStyle>
        <color>ffb0279c</color>
        <scale>1</scale>
        <Icon>
          <href>https://www.gstatic.com/mapspro/images/stock/503-wht-blank_maps.png</href>
        </Icon>
      </IconStyle>
      <LabelStyle>
        <scale>1</scale>
      </LabelStyle>
    </Style>
    <StyleMap id="icon-1769-9C27B0">
      <Pair>
        <key>normal</key>
        <styleUrl>#icon-1769-9C27B0-normal</styleUrl>
      </Pair>
      <Pair>
        <key>highlight</key>
        <styleUrl>#icon-1769-9C27B0-highlight</styleUrl>
      </Pair>
    </StyleMap>
    <Style id="icon-1850-F9A825-normal">
      <IconStyle>
        <color>ff25a8f9</color>
        <scale>1</scale>
        <Icon>
          <href>https://www.gstatic.com/mapspro/images/stock/503-wht-blank_maps.png</href>
        </Icon>
      </IconStyle>
      <LabelStyle>
        <scale>0</scale>
      </LabelStyle>
    </Style>
    <Style id="icon-1850-F9A825-highlight">
      <IconStyle>
        <color>ff25a8f9</color>
        <scale>1</scale>
        <Icon>
          <href>https://www.gstatic.com/mapspro/images/stock/503-wht-blank_maps.png</href>
        </Icon>
      </IconStyle>
      <LabelStyle>
        <scale>1</scale>
      </LabelStyle>
    </Style>
    <StyleMap id="icon-1850-F9A825">
      <Pair>
        <key>normal</key>
        <styleUrl>#icon-1850-F9A825-normal</styleUrl>
      </Pair>
      <Pair>
        <key>highlight</key>
        <styleUrl>#icon-1850-F9A825-highlight</styleUrl>
      </Pair>
    </StyleMap>
    <Style id="icon-1899-DB4436-normal">
      <IconStyle>
        <color>ff3644db</color>
        <scale>1</scale>
        <Icon>
          <href>https://www.gstatic.com/mapspro/images/stock/503-wht-blank_maps.png</href>
        </Icon>
        <hotSpot x="32" xunits="pixels" y="64" yunits="insetPixels"/>
      </IconStyle>
      <LabelStyle>
        <scale>0</scale>
      </LabelStyle>
    </Style>
    <Style id="icon-1899-DB4436-highlight">
      <IconStyle>
        <color>ff3644db</color>
        <scale>1</scale>
        <Icon>
          <href>https://www.gstatic.com/mapspro/images/stock/503-wht-blank_maps.png</href>
        </Icon>
        <hotSpot x="32" xunits="pixels" y="64" yunits="insetPixels"/>
      </IconStyle>
      <LabelStyle>
        <scale>1</scale>
      </LabelStyle>
    </Style>
    <StyleMap id="icon-1899-DB4436">
      <Pair>
        <key>normal</key>
        <styleUrl>#icon-1899-DB4436-normal</styleUrl>
      </Pair>
      <Pair>
        <key>highlight</key>
        <styleUrl>#icon-1899-DB4436-highlight</styleUrl>
      </Pair>
    </StyleMap>
    <Folder>
      <name>Compost facilities (non ABP, non CCS)</name>
      <Placemark>
        <name>THE HIGHLAND COUNCIL</name>
        <address>KW1 4TP</address>
        <description><![CDATA[Site Name and or Address: Seater Landfill<br>Postcode: KW1 4TP<br>Local Authority of site: Highland]]></description>
        <styleUrl>#icon-1850-F9A825</styleUrl>
        <ExtendedData>
          <Data name="Site Name and or Address">
            <value>Seater Landfill</value>
          </Data>
          <Data name="Postcode">
            <value>KW1 4TP</value>
          </Data>
          <Data name="Local Authority of site">
            <value>Highland</value>
          </Data>
        </ExtendedData>
      </Placemark>
      <Placemark>
        <name>COMHAIRLE NAN EILEAN SIAR</name>
        <address>Bennadrove Road</address>
        <description><![CDATA[Site Name and or Address: Bennadrove Landfill<br>Postcode: Bennadrove Road<br>Local Authority of site:  Marybank]]></description>
        <styleUrl>#icon-1850-F9A825</styleUrl>
        <ExtendedData>
          <Data name="Site Name and or Address">
            <value>Bennadrove Landfill</value>
          </Data>
          <Data name="Postcode">
            <value>Bennadrove Road</value>
          </Data>
          <Data name="Local Authority of site">
            <value> Marybank</value>
          </Data>
        </ExtendedData>
      </Placemark>
      <Placemark>
        <name><![CDATA[WILLIAM HAMILTON & SONS (CONTRACTORS) LIMITED]]></name>
        <address>ML9 3PR</address>
        <description><![CDATA[Site Name and or Address: Dovesdale Farm Landfill<br>Postcode: ML9 3PR<br>Local Authority of site: South Lanarkshire]]></description>
        <styleUrl>#icon-1850-F9A825</styleUrl>
        <ExtendedData>
          <Data name="Site Name and or Address">
            <value>Dovesdale Farm Landfill</value>
          </Data>
          <Data name="Postcode">
            <value>ML9 3PR</value>
          </Data>
          <Data name="Local Authority of site">
            <value>South Lanarkshire</value>
          </Data>
        </ExtendedData>
      </Placemark>
      <Placemark>
        <name>LOCHIEL LOGISTICS LIMITED</name>
        <address>PH33 7AW</address>
        <description><![CDATA[Site Name and or Address: Duisky Landfill<br>Postcode: PH33 7AW<br>Local Authority of site: Highland]]></description>
        <styleUrl>#icon-1850-F9A825</styleUrl>
        <ExtendedData>
          <Data name="Site Name and or Address">
            <value>Duisky Landfill</value>
          </Data>
          <Data name="Postcode">
            <value>PH33 7AW</value>
          </Data>
          <Data name="Local Authority of site">
            <value>Highland</value>
          </Data>
        </ExtendedData>
      </Placemark>
      <Placemark>
        <name>BARR ENVIRONMENTAL LIMITED</name>
        <address>G83 9EY</address>
        <description><![CDATA[Site Name and or Address: Auchencarroch Landfill<br>Postcode: G83 9EY<br>Local Authority of site: West Dunbartonshire]]></description>
        <styleUrl>#icon-1850-F9A825</styleUrl>
        <ExtendedData>
          <Data name="Site Name and or Address">
            <value>Auchencarroch Landfill</value>
          </Data>
          <Data name="Postcode">
            <value>G83 9EY</value>
          </Data>
          <Data name="Local Authority of site">
            <value>West Dunbartonshire</value>
          </Data>
        </ExtendedData>
      </Placemark>
      <Placemark>
        <name>BARR ENVIRONMENTAL LIMITED</name>
        <address>KA18 2RB</address>
        <description><![CDATA[Site Name and or Address: Garlaff Landfill<br>Postcode: KA18 2RB<br>Local Authority of site: East Ayrshire]]></description>
        <styleUrl>#icon-1850-F9A825</styleUrl>
        <ExtendedData>
          <Data name="Site Name and or Address">
            <value>Garlaff Landfill</value>
          </Data>
          <Data name="Postcode">
            <value>KA18 2RB</value>
          </Data>
          <Data name="Local Authority of site">
            <value>East Ayrshire</value>
          </Data>
        </ExtendedData>
      </Placemark>
      <Placemark>
        <name>FIFE COUNCIL</name>
        <address>KY12 0RX</address>
        <description><![CDATA[Site Name and or Address: Lochhead Landfill<br>Postcode: KY12 0RX<br>Local Authority of site: by Wellwood]]></description>
        <styleUrl>#icon-1850-F9A825</styleUrl>
        <ExtendedData>
          <Data name="Site Name and or Address">
            <value>Lochhead Landfill</value>
          </Data>
          <Data name="Postcode">
            <value>KY12 0RX</value>
          </Data>
          <Data name="Local Authority of site">
            <value>by Wellwood</value>
          </Data>
        </ExtendedData>
      </Placemark>
      <Placemark>
        <name>SCOTTISH WATER</name>
        <address>G68 9NB</address>
        <description><![CDATA[Site Name and or Address: Deerdykes Composting & Organics Recycling Facility<br>Postcode: G68 9NB<br>Local Authority of site: North Lanarkshire]]></description>
        <styleUrl>#icon-1850-F9A825</styleUrl>
        <ExtendedData>
          <Data name="Site Name and or Address">
            <value><![CDATA[Deerdykes Composting & Organics Recycling Facility]]></value>
          </Data>
          <Data name="Postcode">
            <value>G68 9NB</value>
          </Data>
          <Data name="Local Authority of site">
            <value>North Lanarkshire</value>
          </Data>
        </ExtendedData>
      </Placemark>
      <Placemark>
        <name>ANDREW COOK (CONTAINERS) LIMITED</name>
        <address>KY1 4DN</address>
        <description><![CDATA[Site Name and or Address: Birchwood Sidings<br>Postcode: KY1 4DN<br>Local Authority of site: Thornton]]></description>
        <styleUrl>#icon-1850-F9A825</styleUrl>
        <ExtendedData>
          <Data name="Site Name and or Address">
            <value>Birchwood Sidings</value>
          </Data>
          <Data name="Postcode">
            <value>KY1 4DN</value>
          </Data>
          <Data name="Local Authority of site">
            <value>Thornton</value>
          </Data>
        </ExtendedData>
      </Placemark>
      <Placemark>
        <name>FORTH RESOURCE MANAGEMENT LIMITED</name>
        <address>Danderhall</address>
        <description><![CDATA[Site Name and or Address: Old Dalkeith Road<br>Postcode:  Danderhall<br>Local Authority of site:  Dalkeith]]></description>
        <styleUrl>#icon-1850-F9A825</styleUrl>
        <ExtendedData>
          <Data name="Site Name and or Address">
            <value>Old Dalkeith Road</value>
          </Data>
          <Data name="Postcode">
            <value> Danderhall</value>
          </Data>
          <Data name="Local Authority of site">
            <value> Dalkeith</value>
          </Data>
        </ExtendedData>
      </Placemark>
      <Placemark>
        <name>WESTERN ISLES COUNCIL</name>
        <address>HS2 9JN</address>
        <description><![CDATA[Site Name and or Address: Creed Business Park<br>Postcode: HS2 9JN<br>Local Authority of site: Eilean Siar]]></description>
        <styleUrl>#icon-1850-F9A825</styleUrl>
        <ExtendedData>
          <Data name="Site Name and or Address">
            <value>Creed Business Park</value>
          </Data>
          <Data name="Postcode">
            <value>HS2 9JN</value>
          </Data>
          <Data name="Local Authority of site">
            <value>Eilean Siar</value>
          </Data>
        </ExtendedData>
      </Placemark>
      <Placemark>
        <name>WILLIAM MUNRO CONSTRUCTION LIMITED</name>
        <address>IV16 9XJ</address>
        <description><![CDATA[Site Name and or Address: Evanton Industrial Estate<br>Postcode: IV16 9XJ<br>Local Authority of site: Highland]]></description>
        <styleUrl>#icon-1850-F9A825</styleUrl>
        <ExtendedData>
          <Data name="Site Name and or Address">
            <value>Evanton Industrial Estate</value>
          </Data>
          <Data name="Postcode">
            <value>IV16 9XJ</value>
          </Data>
          <Data name="Local Authority of site">
            <value>Highland</value>
          </Data>
        </ExtendedData>
      </Placemark>
      <Placemark>
        <name>BINN SKIPS LIMITED</name>
        <address>Glenfarg</address>
        <description><![CDATA[Site Name and or Address: Binn Farm<br>Postcode:  Glenfarg<br>Local Authority of site:  Perth]]></description>
        <styleUrl>#icon-1850-F9A825</styleUrl>
        <ExtendedData>
          <Data name="Site Name and or Address">
            <value>Binn Farm</value>
          </Data>
          <Data name="Postcode">
            <value> Glenfarg</value>
          </Data>
          <Data name="Local Authority of site">
            <value> Perth</value>
          </Data>
        </ExtendedData>
      </Placemark>
      <Placemark>
        <name>KEENAN (RECYCLING) LIMITED</name>
        <address>Linwood Industrial Estate</address>
        <description><![CDATA[Site Name and or Address: 81 Burnbrae Road<br>Postcode:  Linwood Industrial Estate<br>Local Authority of site:  Linwood]]></description>
        <styleUrl>#icon-1850-F9A825</styleUrl>
        <ExtendedData>
          <Data name="Site Name and or Address">
            <value>81 Burnbrae Road</value>
          </Data>
          <Data name="Postcode">
            <value> Linwood Industrial Estate</value>
          </Data>
          <Data name="Local Authority of site">
            <value> Linwood</value>
          </Data>
        </ExtendedData>
      </Placemark>
      <Placemark>
        <name><![CDATA[DUMFRIES & GALLOWAY COUNCIL]]></name>
        <address>DG9 7UD</address>
        <description><![CDATA[Site Name and or Address: Fountain Way<br>Postcode: DG9 7UD<br>Local Authority of site: Stranraer]]></description>
        <styleUrl>#icon-1850-F9A825</styleUrl>
        <ExtendedData>
          <Data name="Site Name and or Address">
            <value>Fountain Way</value>
          </Data>
          <Data name="Postcode">
            <value>DG9 7UD</value>
          </Data>
          <Data name="Local Authority of site">
            <value>Stranraer</value>
          </Data>
        </ExtendedData>
      </Placemark>
      <Placemark>
        <name>SCOTTISH WATER</name>
        <description><![CDATA[Site Name and or Address: Glengorm Road<br>Postcode: Isle of Mull<br>Local Authority of site: ]]></description>
        <styleUrl>#icon-1850-F9A825</styleUrl>
        <ExtendedData>
          <Data name="Site Name and or Address">
            <value>Glengorm Road</value>
          </Data>
          <Data name="Postcode">
            <value>Isle of Mull</value>
          </Data>
          <Data name="Local Authority of site">
            <value/>
          </Data>
        </ExtendedData>
        <Point>
          <coordinates>
            -6.0640047,56.6239849,0
          </coordinates>
        </Point>
      </Placemark>
      <Placemark>
        <name>NPL ESTATES LIMITED</name>
        <address>Stevenston</address>
        <description><![CDATA[Site Name and or Address: Ardeer Site<br>Postcode:  Stevenston<br>Local Authority of site: KA20 3LN]]></description>
        <styleUrl>#icon-1850-F9A825</styleUrl>
        <ExtendedData>
          <Data name="Site Name and or Address">
            <value>Ardeer Site</value>
          </Data>
          <Data name="Postcode">
            <value> Stevenston</value>
          </Data>
          <Data name="Local Authority of site">
            <value>KA20 3LN</value>
          </Data>
        </ExtendedData>
      </Placemark>
      <Placemark>
        <name>THE COACH HOUSE TRUST</name>
        <address>G64 3QN</address>
        <description><![CDATA[Site Name and or Address: Buchley Eco Centre<br>Postcode: G64 3QN<br>Local Authority of site: East Dunbartonshire]]></description>
        <styleUrl>#icon-1850-F9A825</styleUrl>
        <ExtendedData>
          <Data name="Site Name and or Address">
            <value>Buchley Eco Centre</value>
          </Data>
          <Data name="Postcode">
            <value>G64 3QN</value>
          </Data>
          <Data name="Local Authority of site">
            <value>East Dunbartonshire</value>
          </Data>
        </ExtendedData>
      </Placemark>
      <Placemark>
        <name>THE HIGHLAND COUNCIL</name>
        <address>IV2 7NT</address>
        <description><![CDATA[Site Name and or Address: Longman Landfill<br>Postcode: IV2 7NT<br>Local Authority of site: Highland]]></description>
        <styleUrl>#icon-1850-F9A825</styleUrl>
        <ExtendedData>
          <Data name="Site Name and or Address">
            <value>Longman Landfill</value>
          </Data>
          <Data name="Postcode">
            <value>IV2 7NT</value>
          </Data>
          <Data name="Local Authority of site">
            <value>Highland</value>
          </Data>
        </ExtendedData>
      </Placemark>
      <Placemark>
        <name>FALKIRK COUNCIL ROADS SERVICES</name>
        <address>EH51 0PU</address>
        <description><![CDATA[Site Name and or Address: Kinneil Kerse Recycling Centre<br>Postcode: EH51 0PU<br>Local Authority of site: Falkirk]]></description>
        <styleUrl>#icon-1850-F9A825</styleUrl>
        <ExtendedData>
          <Data name="Site Name and or Address">
            <value>Kinneil Kerse Recycling Centre</value>
          </Data>
          <Data name="Postcode">
            <value>EH51 0PU</value>
          </Data>
          <Data name="Local Authority of site">
            <value>Falkirk</value>
          </Data>
        </ExtendedData>
      </Placemark>
      <Placemark>
        <name>STIRLING COUNCIL</name>
        <address>Near Fallin</address>
        <description><![CDATA[Site Name and or Address: Lower Polmaise Landfill<br>Postcode:  Near Fallin<br>Local Authority of site:  Stirling]]></description>
        <styleUrl>#icon-1850-F9A825</styleUrl>
        <ExtendedData>
          <Data name="Site Name and or Address">
            <value>Lower Polmaise Landfill</value>
          </Data>
          <Data name="Postcode">
            <value> Near Fallin</value>
          </Data>
          <Data name="Local Authority of site">
            <value> Stirling</value>
          </Data>
        </ExtendedData>
      </Placemark>
      <Placemark>
        <name>Welsh Water Organic Energy ( Cardiff) Ltd</name>
        <address>CF3 4EQ</address>
        <description><![CDATA[Site Name and or Address: Lamby Way Open Windrow Composting Facility<br>Postcode: CF3 4EQ<br>Local Authority of site: Cardiff]]></description>
        <styleUrl>#icon-1850-F9A825</styleUrl>
        <ExtendedData>
          <Data name="Site Name and or Address">
            <value>Lamby Way Open Windrow Composting Facility</value>
          </Data>
          <Data name="Postcode">
            <value>CF3 4EQ</value>
          </Data>
          <Data name="Local Authority of site">
            <value>Cardiff</value>
          </Data>
        </ExtendedData>
      </Placemark>
      <Placemark>
        <name>Cowbridge Compost Ltd</name>
        <address>CF71 7FF</address>
        <description><![CDATA[Site Name and or Address: Cowbridge Compost Ltd<br>Postcode: CF71 7FF<br>Local Authority of site: Vale of Glamorgan]]></description>
        <styleUrl>#icon-1850-F9A825</styleUrl>
        <ExtendedData>
          <Data name="Site Name and or Address">
            <value>Cowbridge Compost Ltd</value>
          </Data>
          <Data name="Postcode">
            <value>CF71 7FF</value>
          </Data>
          <Data name="Local Authority of site">
            <value>Vale of Glamorgan</value>
          </Data>
        </ExtendedData>
      </Placemark>
      <Placemark>
        <name>Cardiff Council</name>
        <address>CF3 2HP</address>
        <description><![CDATA[Site Name and or Address: Lamby Way Depot<br>Postcode: CF3 2HP<br>Local Authority of site: Cardiff]]></description>
        <styleUrl>#icon-1850-F9A825</styleUrl>
        <ExtendedData>
          <Data name="Site Name and or Address">
            <value>Lamby Way Depot</value>
          </Data>
          <Data name="Postcode">
            <value>CF3 2HP</value>
          </Data>
          <Data name="Local Authority of site">
            <value>Cardiff</value>
          </Data>
        </ExtendedData>
      </Placemark>
      <Placemark>
        <name>Green Waste Company (abergavenny) Ltd</name>
        <address>NP7 8AY</address>
        <description><![CDATA[Site Name and or Address: Maindiff Court Farm<br>Postcode: NP7 8AY<br>Local Authority of site: Monmouthshire]]></description>
        <styleUrl>#icon-1850-F9A825</styleUrl>
        <ExtendedData>
          <Data name="Site Name and or Address">
            <value>Maindiff Court Farm</value>
          </Data>
          <Data name="Postcode">
            <value>NP7 8AY</value>
          </Data>
          <Data name="Local Authority of site">
            <value>Monmouthshire</value>
          </Data>
        </ExtendedData>
      </Placemark>
      <Placemark>
        <name>Newport City Council</name>
        <address>NP20 2NS</address>
        <description><![CDATA[Site Name and or Address: Docks Way Landfill<br>Postcode: NP20 2NS<br>Local Authority of site: ]]></description>
        <styleUrl>#icon-1850-F9A825</styleUrl>
        <ExtendedData>
          <Data name="Site Name and or Address">
            <value>Docks Way Landfill</value>
          </Data>
          <Data name="Postcode">
            <value>NP20 2NS</value>
          </Data>
          <Data name="Local Authority of site">
            <value/>
          </Data>
        </ExtendedData>
      </Placemark>
      <Placemark>
        <name>Bryn Recycling Limited</name>
        <address>CF82 8FY</address>
        <description><![CDATA[Site Name and or Address: GelliaÕr-gwellt Uchaf Transfer and Composting Station<br>Postcode: CF82 8FY<br>Local Authority of site: Caerphilly]]></description>
        <styleUrl>#icon-1850-F9A825</styleUrl>
        <ExtendedData>
          <Data name="Site Name and or Address">
            <value>GelliaÕr-gwellt Uchaf Transfer and Composting Station</value>
          </Data>
          <Data name="Postcode">
            <value>CF82 8FY</value>
          </Data>
          <Data name="Local Authority of site">
            <value>Caerphilly</value>
          </Data>
        </ExtendedData>
      </Placemark>
      <Placemark>
        <name>Sundorne Products ( Llanidloes) Ltd</name>
        <address>SY18 6JJ</address>
        <description><![CDATA[Site Name and or Address: Bryn Posteg Composting Facility<br>Postcode: SY18 6JJ<br>Local Authority of site: Powys]]></description>
        <styleUrl>#icon-1850-F9A825</styleUrl>
        <ExtendedData>
          <Data name="Site Name and or Address">
            <value>Bryn Posteg Composting Facility</value>
          </Data>
          <Data name="Postcode">
            <value>SY18 6JJ</value>
          </Data>
          <Data name="Local Authority of site">
            <value>Powys</value>
          </Data>
        </ExtendedData>
      </Placemark>
      <Placemark>
        <name><![CDATA[Mr Andrew Morgan & Mr Peter Morgan]]></name>
        <address>NP4 0TP</address>
        <description><![CDATA[Site Name and or Address: Race Farm<br>Postcode: NP4 0TP<br>Local Authority of site: Torfaen]]></description>
        <styleUrl>#icon-1850-F9A825</styleUrl>
        <ExtendedData>
          <Data name="Site Name and or Address">
            <value>Race Farm</value>
          </Data>
          <Data name="Postcode">
            <value>NP4 0TP</value>
          </Data>
          <Data name="Local Authority of site">
            <value>Torfaen</value>
          </Data>
        </ExtendedData>
      </Placemark>
      <Placemark>
        <name>A P S Produce Limited</name>
        <address>PO30 3AR</address>
        <description><![CDATA[Site Name and or Address: A P S Produce Limited<br>Postcode: PO30 3AR<br>Local Authority of site: Isle of Wight]]></description>
        <styleUrl>#icon-1850-F9A825</styleUrl>
        <ExtendedData>
          <Data name="Site Name and or Address">
            <value>A P S Produce Limited</value>
          </Data>
          <Data name="Postcode">
            <value>PO30 3AR</value>
          </Data>
          <Data name="Local Authority of site">
            <value>Isle of Wight</value>
          </Data>
        </ExtendedData>
      </Placemark>
      <Placemark>
        <name>M E C Recycling Ltd</name>
        <address>LN6 9HS</address>
        <description><![CDATA[Site Name and or Address: Ansons Farm<br>Postcode: LN6 9HS<br>Local Authority of site: Lincolnshire]]></description>
        <styleUrl>#icon-1850-F9A825</styleUrl>
        <ExtendedData>
          <Data name="Site Name and or Address">
            <value>Ansons Farm</value>
          </Data>
          <Data name="Postcode">
            <value>LN6 9HS</value>
          </Data>
          <Data name="Local Authority of site">
            <value>Lincolnshire</value>
          </Data>
        </ExtendedData>
      </Placemark>
      <Placemark>
        <name>Land Network ( Gainsborough ) Limited</name>
        <address>DN21 5DT</address>
        <description><![CDATA[Site Name and or Address: Sturgate Airfield<br>Postcode: DN21 5DT<br>Local Authority of site: Lincolnshire]]></description>
        <styleUrl>#icon-1850-F9A825</styleUrl>
        <ExtendedData>
          <Data name="Site Name and or Address">
            <value>Sturgate Airfield</value>
          </Data>
          <Data name="Postcode">
            <value>DN21 5DT</value>
          </Data>
          <Data name="Local Authority of site">
            <value>Lincolnshire</value>
          </Data>
        </ExtendedData>
      </Placemark>
      <Placemark>
        <name>Devon Waste Management Limited</name>
        <address>EX5 1DR</address>
        <description><![CDATA[Site Name and or Address: Hill Barton Compost Facility<br>Postcode: EX5 1DR<br>Local Authority of site: Devon]]></description>
        <styleUrl>#icon-1850-F9A825</styleUrl>
        <ExtendedData>
          <Data name="Site Name and or Address">
            <value>Hill Barton Compost Facility</value>
          </Data>
          <Data name="Postcode">
            <value>EX5 1DR</value>
          </Data>
          <Data name="Local Authority of site">
            <value>Devon</value>
          </Data>
        </ExtendedData>
      </Placemark>
      <Placemark>
        <name><![CDATA[Mr David Scrivens & Mr Andrew Scrivens]]></name>
        <address>PR4 2RE</address>
        <description><![CDATA[Site Name and or Address: Tarnbrick Farm<br>Postcode: PR4 2RE<br>Local Authority of site: Lancashire]]></description>
        <styleUrl>#icon-1850-F9A825</styleUrl>
        <ExtendedData>
          <Data name="Site Name and or Address">
            <value>Tarnbrick Farm</value>
          </Data>
          <Data name="Postcode">
            <value>PR4 2RE</value>
          </Data>
          <Data name="Local Authority of site">
            <value>Lancashire</value>
          </Data>
        </ExtendedData>
      </Placemark>
      <Placemark>
        <name>Land Network ( North East Lincolnshire ) Ltd</name>
        <address>LN11 0RY</address>
        <description><![CDATA[Site Name and or Address: Land Network ( North East Lincolnshire) Ltd<br>Postcode: LN11 0RY<br>Local Authority of site: Lincolnshire]]></description>
        <styleUrl>#icon-1850-F9A825</styleUrl>
        <ExtendedData>
          <Data name="Site Name and or Address">
            <value>Land Network ( North East Lincolnshire) Ltd</value>
          </Data>
          <Data name="Postcode">
            <value>LN11 0RY</value>
          </Data>
          <Data name="Local Authority of site">
            <value>Lincolnshire</value>
          </Data>
        </ExtendedData>
      </Placemark>
      <Placemark>
        <name>Envar Composting ( Surrey ) Limited</name>
        <address>KT16 0EF</address>
        <description><![CDATA[Site Name and or Address: Kitsmead Recycling Centre<br>Postcode: KT16 0EF<br>Local Authority of site: Surrey]]></description>
        <styleUrl>#icon-1850-F9A825</styleUrl>
        <ExtendedData>
          <Data name="Site Name and or Address">
            <value>Kitsmead Recycling Centre</value>
          </Data>
          <Data name="Postcode">
            <value>KT16 0EF</value>
          </Data>
          <Data name="Local Authority of site">
            <value>Surrey</value>
          </Data>
        </ExtendedData>
      </Placemark>
      <Placemark>
        <name>Eco Sustainable Solutions Limited</name>
        <address>DT2 7TU</address>
        <description><![CDATA[Site Name and or Address: Eco Piddlehinton A D Facility<br>Postcode: DT2 7TU<br>Local Authority of site: Dorset]]></description>
        <styleUrl>#icon-1850-F9A825</styleUrl>
        <ExtendedData>
          <Data name="Site Name and or Address">
            <value>Eco Piddlehinton A D Facility</value>
          </Data>
          <Data name="Postcode">
            <value>DT2 7TU</value>
          </Data>
          <Data name="Local Authority of site">
            <value>Dorset</value>
          </Data>
        </ExtendedData>
      </Placemark>
      <Placemark>
        <name><![CDATA[Robert Benford Stella Benford Kate Benford & Thomas Grey Benford]]></name>
        <address>RG29 1QX</address>
        <description><![CDATA[Site Name and or Address: Down Farm<br>Postcode: RG29 1QX<br>Local Authority of site: Hampshire]]></description>
        <styleUrl>#icon-1850-F9A825</styleUrl>
        <ExtendedData>
          <Data name="Site Name and or Address">
            <value>Down Farm</value>
          </Data>
          <Data name="Postcode">
            <value>RG29 1QX</value>
          </Data>
          <Data name="Local Authority of site">
            <value>Hampshire</value>
          </Data>
        </ExtendedData>
      </Placemark>
      <Placemark>
        <name>Holroyd Robert</name>
        <address>HX7 8TE</address>
        <description><![CDATA[Site Name and or Address: Far Shawcroft Farm<br>Postcode: HX7 8TE<br>Local Authority of site: West Yorkshire]]></description>
        <styleUrl>#icon-1850-F9A825</styleUrl>
        <ExtendedData>
          <Data name="Site Name and or Address">
            <value>Far Shawcroft Farm</value>
          </Data>
          <Data name="Postcode">
            <value>HX7 8TE</value>
          </Data>
          <Data name="Local Authority of site">
            <value>West Yorkshire</value>
          </Data>
        </ExtendedData>
      </Placemark>
      <Placemark>
        <name>Downs Farm Limited</name>
        <address>PL26 8LH</address>
        <description><![CDATA[Site Name and or Address: Higher Brynn Farm<br>Postcode: PL26 8LH<br>Local Authority of site: Cornwall]]></description>
        <styleUrl>#icon-1850-F9A825</styleUrl>
        <ExtendedData>
          <Data name="Site Name and or Address">
            <value>Higher Brynn Farm</value>
          </Data>
          <Data name="Postcode">
            <value>PL26 8LH</value>
          </Data>
          <Data name="Local Authority of site">
            <value>Cornwall</value>
          </Data>
        </ExtendedData>
      </Placemark>
      <Placemark>
        <name>Devon Waste Management Ltd</name>
        <address>PL19 8JW</address>
        <description><![CDATA[Site Name and or Address: Broadwell Farm<br>Postcode: PL19 8JW<br>Local Authority of site: Devon]]></description>
        <styleUrl>#icon-1850-F9A825</styleUrl>
        <ExtendedData>
          <Data name="Site Name and or Address">
            <value>Broadwell Farm</value>
          </Data>
          <Data name="Postcode">
            <value>PL19 8JW</value>
          </Data>
          <Data name="Local Authority of site">
            <value>Devon</value>
          </Data>
        </ExtendedData>
      </Placemark>
      <Placemark>
        <name>Allium Helmsley Ltd</name>
        <address>YO7 4EJ</address>
        <description><![CDATA[Site Name and or Address: Sandhutton Composting Site<br>Postcode: YO7 4EJ<br>Local Authority of site: North Yorkshire]]></description>
        <styleUrl>#icon-1850-F9A825</styleUrl>
        <ExtendedData>
          <Data name="Site Name and or Address">
            <value>Sandhutton Composting Site</value>
          </Data>
          <Data name="Postcode">
            <value>YO7 4EJ</value>
          </Data>
          <Data name="Local Authority of site">
            <value>North Yorkshire</value>
          </Data>
        </ExtendedData>
      </Placemark>
      <Placemark>
        <name>Richard Piper</name>
        <address>TN18 4RW</address>
        <description><![CDATA[Site Name and or Address: Conghurst Farm Green Waste Composting Site<br>Postcode: TN18 4RW<br>Local Authority of site: Kent]]></description>
        <styleUrl>#icon-1850-F9A825</styleUrl>
        <ExtendedData>
          <Data name="Site Name and or Address">
            <value>Conghurst Farm Green Waste Composting Site</value>
          </Data>
          <Data name="Postcode">
            <value>TN18 4RW</value>
          </Data>
          <Data name="Local Authority of site">
            <value>Kent</value>
          </Data>
        </ExtendedData>
      </Placemark>
      <Placemark>
        <name>Imerys Minerals Limited</name>
        <address>PL26 7YP</address>
        <description><![CDATA[Site Name and or Address: Dubbers Restoration Area<br>Postcode: PL26 7YP<br>Local Authority of site: Cornwall]]></description>
        <styleUrl>#icon-1850-F9A825</styleUrl>
        <ExtendedData>
          <Data name="Site Name and or Address">
            <value>Dubbers Restoration Area</value>
          </Data>
          <Data name="Postcode">
            <value>PL26 7YP</value>
          </Data>
          <Data name="Local Authority of site">
            <value>Cornwall</value>
          </Data>
        </ExtendedData>
      </Placemark>
      <Placemark>
        <name>New Earth Solutions ( West ) Limited</name>
        <address>NG33 5LY</address>
        <description><![CDATA[Site Name and or Address: New Earth Solutions (west) Composting Site<br>Postcode: NG33 5LY<br>Local Authority of site: Lincolnshire]]></description>
        <styleUrl>#icon-1850-F9A825</styleUrl>
        <ExtendedData>
          <Data name="Site Name and or Address">
            <value>New Earth Solutions (west) Composting Site</value>
          </Data>
          <Data name="Postcode">
            <value>NG33 5LY</value>
          </Data>
          <Data name="Local Authority of site">
            <value>Lincolnshire</value>
          </Data>
        </ExtendedData>
      </Placemark>
      <Placemark>
        <name>C S Backhouse Limited</name>
        <address>DN14 8SP</address>
        <description><![CDATA[Site Name and or Address: Commons Farm<br>Postcode: DN14 8SP<br>Local Authority of site: Former Humberside]]></description>
        <styleUrl>#icon-1850-F9A825</styleUrl>
        <ExtendedData>
          <Data name="Site Name and or Address">
            <value>Commons Farm</value>
          </Data>
          <Data name="Postcode">
            <value>DN14 8SP</value>
          </Data>
          <Data name="Local Authority of site">
            <value>Former Humberside</value>
          </Data>
        </ExtendedData>
      </Placemark>
      <Placemark>
        <name>Dixon                    David</name>
        <address>NE46 4LP</address>
        <description><![CDATA[Site Name and or Address: Anick Grange Farm Composting Facility<br>Postcode: NE46 4LP<br>Local Authority of site: Northumberland]]></description>
        <styleUrl>#icon-1850-F9A825</styleUrl>
        <ExtendedData>
          <Data name="Site Name and or Address">
            <value>Anick Grange Farm Composting Facility</value>
          </Data>
          <Data name="Postcode">
            <value>NE46 4LP</value>
          </Data>
          <Data name="Local Authority of site">
            <value>Northumberland</value>
          </Data>
        </ExtendedData>
      </Placemark>
      <Placemark>
        <name><![CDATA[Harrington & Jessup Ltd]]></name>
        <address>GU24 9NA</address>
        <description><![CDATA[Site Name and or Address: The Compost Centre<br>Postcode: GU24 9NA<br>Local Authority of site: Surrey]]></description>
        <styleUrl>#icon-1850-F9A825</styleUrl>
        <ExtendedData>
          <Data name="Site Name and or Address">
            <value>The Compost Centre</value>
          </Data>
          <Data name="Postcode">
            <value>GU24 9NA</value>
          </Data>
          <Data name="Local Authority of site">
            <value>Surrey</value>
          </Data>
        </ExtendedData>
      </Placemark>
      <Placemark>
        <name>Regeneration Services Limited</name>
        <address>GU32 1ED</address>
        <description><![CDATA[Site Name and or Address: Bens Green Farm<br>Postcode: GU32 1ED<br>Local Authority of site: Hampshire]]></description>
        <styleUrl>#icon-1850-F9A825</styleUrl>
        <ExtendedData>
          <Data name="Site Name and or Address">
            <value>Bens Green Farm</value>
          </Data>
          <Data name="Postcode">
            <value>GU32 1ED</value>
          </Data>
          <Data name="Local Authority of site">
            <value>Hampshire</value>
          </Data>
        </ExtendedData>
      </Placemark>
      <Placemark>
        <name>Royal Household Property Section</name>
        <address>SW1A 1AA</address>
        <description><![CDATA[Site Name and or Address: Buckingham Palace<br>Postcode: SW1A 1AA<br>Local Authority of site: Central London]]></description>
        <styleUrl>#icon-1850-F9A825</styleUrl>
        <ExtendedData>
          <Data name="Site Name and or Address">
            <value>Buckingham Palace</value>
          </Data>
          <Data name="Postcode">
            <value>SW1A 1AA</value>
          </Data>
          <Data name="Local Authority of site">
            <value>Central London</value>
          </Data>
        </ExtendedData>
      </Placemark>
      <Placemark>
        <name>Material Change Limited</name>
        <address>MK18 6AG</address>
        <description><![CDATA[Site Name and or Address: Maids Moreton Compost Site<br>Postcode: MK18 6AG<br>Local Authority of site: Buckinghamshire]]></description>
        <styleUrl>#icon-1850-F9A825</styleUrl>
        <ExtendedData>
          <Data name="Site Name and or Address">
            <value>Maids Moreton Compost Site</value>
          </Data>
          <Data name="Postcode">
            <value>MK18 6AG</value>
          </Data>
          <Data name="Local Authority of site">
            <value>Buckinghamshire</value>
          </Data>
        </ExtendedData>
      </Placemark>
      <Placemark>
        <name>The Green Estate Ltd</name>
        <address>S2 1UP</address>
        <description><![CDATA[Site Name and or Address: Manor Cottages<br>Postcode: S2 1UP<br>Local Authority of site: South Yorkshire]]></description>
        <styleUrl>#icon-1850-F9A825</styleUrl>
        <ExtendedData>
          <Data name="Site Name and or Address">
            <value>Manor Cottages</value>
          </Data>
          <Data name="Postcode">
            <value>S2 1UP</value>
          </Data>
          <Data name="Local Authority of site">
            <value>South Yorkshire</value>
          </Data>
        </ExtendedData>
      </Placemark>
      <Placemark>
        <name>Teesdale Conservation Volunteers Ltd</name>
        <address>DL12 9TB</address>
        <description><![CDATA[Site Name and or Address: Teesdale Conservation Volunteers ( Rotters)<br>Postcode: DL12 9TB<br>Local Authority of site: County Durham]]></description>
        <styleUrl>#icon-1850-F9A825</styleUrl>
        <ExtendedData>
          <Data name="Site Name and or Address">
            <value>Teesdale Conservation Volunteers ( Rotters)</value>
          </Data>
          <Data name="Postcode">
            <value>DL12 9TB</value>
          </Data>
          <Data name="Local Authority of site">
            <value>County Durham</value>
          </Data>
        </ExtendedData>
      </Placemark>
      <Placemark>
        <name>Seymour                  Thomas</name>
        <address>TS9 7AR</address>
        <description><![CDATA[Site Name and or Address: Dromonby Farm<br>Postcode: TS9 7AR<br>Local Authority of site: North Yorkshire]]></description>
        <styleUrl>#icon-1850-F9A825</styleUrl>
        <ExtendedData>
          <Data name="Site Name and or Address">
            <value>Dromonby Farm</value>
          </Data>
          <Data name="Postcode">
            <value>TS9 7AR</value>
          </Data>
          <Data name="Local Authority of site">
            <value>North Yorkshire</value>
          </Data>
        </ExtendedData>
      </Placemark>
      <Placemark>
        <name>Wilkinson                Ronald Ashley</name>
        <address>S41 9RL</address>
        <description><![CDATA[Site Name and or Address: Dunston Farm Composting Facility<br>Postcode: S41 9RL<br>Local Authority of site: Derbyshire]]></description>
        <styleUrl>#icon-1850-F9A825</styleUrl>
        <ExtendedData>
          <Data name="Site Name and or Address">
            <value>Dunston Farm Composting Facility</value>
          </Data>
          <Data name="Postcode">
            <value>S41 9RL</value>
          </Data>
          <Data name="Local Authority of site">
            <value>Derbyshire</value>
          </Data>
        </ExtendedData>
      </Placemark>
      <Placemark>
        <name><![CDATA[D L & M L Lea Ltd]]></name>
        <address>TF11 9LF</address>
        <description><![CDATA[Site Name and or Address: Green Acres<br>Postcode: TF11 9LF<br>Local Authority of site: Shropshire]]></description>
        <styleUrl>#icon-1850-F9A825</styleUrl>
        <ExtendedData>
          <Data name="Site Name and or Address">
            <value>Green Acres</value>
          </Data>
          <Data name="Postcode">
            <value>TF11 9LF</value>
          </Data>
          <Data name="Local Authority of site">
            <value>Shropshire</value>
          </Data>
        </ExtendedData>
      </Placemark>
      <Placemark>
        <name> Kew</name>
        <address>TW9 3AB</address>
        <description><![CDATA[Site Name and or Address: The Royal Botanic Gardens<br>Postcode: TW9 3AB<br>Local Authority of site: West London Waste Authority]]></description>
        <styleUrl>#icon-1850-F9A825</styleUrl>
        <ExtendedData>
          <Data name="Site Name and or Address">
            <value>The Royal Botanic Gardens</value>
          </Data>
          <Data name="Postcode">
            <value>TW9 3AB</value>
          </Data>
          <Data name="Local Authority of site">
            <value>West London Waste Authority</value>
          </Data>
        </ExtendedData>
      </Placemark>
      <Placemark>
        <name>Stansted Airport Ltd</name>
        <address>CM22 6PT</address>
        <description><![CDATA[Site Name and or Address: Stansted Compost<br>Postcode: CM22 6PT<br>Local Authority of site: Essex]]></description>
        <styleUrl>#icon-1850-F9A825</styleUrl>
        <ExtendedData>
          <Data name="Site Name and or Address">
            <value>Stansted Compost</value>
          </Data>
          <Data name="Postcode">
            <value>CM22 6PT</value>
          </Data>
          <Data name="Local Authority of site">
            <value>Essex</value>
          </Data>
        </ExtendedData>
      </Placemark>
      <Placemark>
        <name>Mr Luke Stacey And Mrs Christine Stacey</name>
        <address>MK19 7HD</address>
        <description><![CDATA[Site Name and or Address: Home Farm Green Waste Recycling Site<br>Postcode: MK19 7HD<br>Local Authority of site: Buckinghamshire]]></description>
        <styleUrl>#icon-1850-F9A825</styleUrl>
        <ExtendedData>
          <Data name="Site Name and or Address">
            <value>Home Farm Green Waste Recycling Site</value>
          </Data>
          <Data name="Postcode">
            <value>MK19 7HD</value>
          </Data>
          <Data name="Local Authority of site">
            <value>Buckinghamshire</value>
          </Data>
        </ExtendedData>
      </Placemark>
      <Placemark>
        <name>The Royal Horticultural Society</name>
        <address>EX38 8PH</address>
        <description><![CDATA[Site Name and or Address: R H S Garden Rosemoor<br>Postcode: EX38 8PH<br>Local Authority of site: Devon]]></description>
        <styleUrl>#icon-1850-F9A825</styleUrl>
        <ExtendedData>
          <Data name="Site Name and or Address">
            <value>R H S Garden Rosemoor</value>
          </Data>
          <Data name="Postcode">
            <value>EX38 8PH</value>
          </Data>
          <Data name="Local Authority of site">
            <value>Devon</value>
          </Data>
        </ExtendedData>
      </Placemark>
      <Placemark>
        <name>Royal Botanical Gardens Kew</name>
        <address>RH17 6TN</address>
        <description><![CDATA[Site Name and or Address: Royal Botanical Gardens Kew<br>Postcode: RH17 6TN<br>Local Authority of site: West Sussex]]></description>
        <styleUrl>#icon-1850-F9A825</styleUrl>
        <ExtendedData>
          <Data name="Site Name and or Address">
            <value>Royal Botanical Gardens Kew</value>
          </Data>
          <Data name="Postcode">
            <value>RH17 6TN</value>
          </Data>
          <Data name="Local Authority of site">
            <value>West Sussex</value>
          </Data>
        </ExtendedData>
      </Placemark>
      <Placemark>
        <name>Hocking                  Peter</name>
        <address>PL19 0QT</address>
        <description><![CDATA[Site Name and or Address: Tredown Farm<br>Postcode: PL19 0QT<br>Local Authority of site: Devon]]></description>
        <styleUrl>#icon-1850-F9A825</styleUrl>
        <ExtendedData>
          <Data name="Site Name and or Address">
            <value>Tredown Farm</value>
          </Data>
          <Data name="Postcode">
            <value>PL19 0QT</value>
          </Data>
          <Data name="Local Authority of site">
            <value>Devon</value>
          </Data>
        </ExtendedData>
      </Placemark>
      <Placemark>
        <name>Godolphin Management Co Limited</name>
        <address>CB8 9RX</address>
        <description><![CDATA[Site Name and or Address: Rutland Stud Composting Facility<br>Postcode: CB8 9RX<br>Local Authority of site: Cambridgeshire]]></description>
        <styleUrl>#icon-1850-F9A825</styleUrl>
        <ExtendedData>
          <Data name="Site Name and or Address">
            <value>Rutland Stud Composting Facility</value>
          </Data>
          <Data name="Postcode">
            <value>CB8 9RX</value>
          </Data>
          <Data name="Local Authority of site">
            <value>Cambridgeshire</value>
          </Data>
        </ExtendedData>
      </Placemark>
      <Placemark>
        <name>David H Pepper And Ashley Pepper</name>
        <address>LE9 1SG</address>
        <description><![CDATA[Site Name and or Address: Cosby Spinneys Farm<br>Postcode: LE9 1SG<br>Local Authority of site: Leicestershire]]></description>
        <styleUrl>#icon-1850-F9A825</styleUrl>
        <ExtendedData>
          <Data name="Site Name and or Address">
            <value>Cosby Spinneys Farm</value>
          </Data>
          <Data name="Postcode">
            <value>LE9 1SG</value>
          </Data>
          <Data name="Local Authority of site">
            <value>Leicestershire</value>
          </Data>
        </ExtendedData>
      </Placemark>
      <Placemark>
        <name>Cambs Farms Growers Limited</name>
        <address>CB7 5TZ</address>
        <description><![CDATA[Site Name and or Address: Hainey Farm<br>Postcode: CB7 5TZ<br>Local Authority of site: Cambridgeshire]]></description>
        <styleUrl>#icon-1850-F9A825</styleUrl>
        <ExtendedData>
          <Data name="Site Name and or Address">
            <value>Hainey Farm</value>
          </Data>
          <Data name="Postcode">
            <value>CB7 5TZ</value>
          </Data>
          <Data name="Local Authority of site">
            <value>Cambridgeshire</value>
          </Data>
        </ExtendedData>
      </Placemark>
      <Placemark>
        <name> Bristol and S Glo</name>
        <address>BS36 2NS</address>
        <description><![CDATA[Site Name and or Address: Phoenix Green Solutions<br>Postcode: BS36 2NS<br>Local Authority of site: Bath]]></description>
        <styleUrl>#icon-1850-F9A825</styleUrl>
        <ExtendedData>
          <Data name="Site Name and or Address">
            <value>Phoenix Green Solutions</value>
          </Data>
          <Data name="Postcode">
            <value>BS36 2NS</value>
          </Data>
          <Data name="Local Authority of site">
            <value>Bath</value>
          </Data>
        </ExtendedData>
      </Placemark>
      <Placemark>
        <name><![CDATA[P G & H M Jackson]]></name>
        <address>WA15 0QT</address>
        <description><![CDATA[Site Name and or Address: Jacksons Bank Composting Site<br>Postcode: WA15 0QT<br>Local Authority of site: Cheshire]]></description>
        <styleUrl>#icon-1850-F9A825</styleUrl>
        <ExtendedData>
          <Data name="Site Name and or Address">
            <value>Jacksons Bank Composting Site</value>
          </Data>
          <Data name="Postcode">
            <value>WA15 0QT</value>
          </Data>
          <Data name="Local Authority of site">
            <value>Cheshire</value>
          </Data>
        </ExtendedData>
      </Placemark>
      <Placemark>
        <name>Mr David Bragg And Mrs Karen Bragg</name>
        <address>PL19 8NN</address>
        <description><![CDATA[Site Name and or Address: Higher Artiscombe Windrow Composting<br>Postcode: PL19 8NN<br>Local Authority of site: Devon]]></description>
        <styleUrl>#icon-1850-F9A825</styleUrl>
        <ExtendedData>
          <Data name="Site Name and or Address">
            <value>Higher Artiscombe Windrow Composting</value>
          </Data>
          <Data name="Postcode">
            <value>PL19 8NN</value>
          </Data>
          <Data name="Local Authority of site">
            <value>Devon</value>
          </Data>
        </ExtendedData>
      </Placemark>
      <Placemark>
        <name>Robinson                 D J</name>
        <address>BN18 9PL</address>
        <description><![CDATA[Site Name and or Address: Stubbs Copse Wood Yard<br>Postcode: BN18 9PL<br>Local Authority of site: West Sussex]]></description>
        <styleUrl>#icon-1850-F9A825</styleUrl>
        <ExtendedData>
          <Data name="Site Name and or Address">
            <value>Stubbs Copse Wood Yard</value>
          </Data>
          <Data name="Postcode">
            <value>BN18 9PL</value>
          </Data>
          <Data name="Local Authority of site">
            <value>West Sussex</value>
          </Data>
        </ExtendedData>
      </Placemark>
      <Placemark>
        <name>Hocking                  Christopher</name>
        <address>PL30 3PN</address>
        <description><![CDATA[Site Name and or Address: Tinten On Farm Composting<br>Postcode: PL30 3PN<br>Local Authority of site: Cornwall]]></description>
        <styleUrl>#icon-1850-F9A825</styleUrl>
        <ExtendedData>
          <Data name="Site Name and or Address">
            <value>Tinten On Farm Composting</value>
          </Data>
          <Data name="Postcode">
            <value>PL30 3PN</value>
          </Data>
          <Data name="Local Authority of site">
            <value>Cornwall</value>
          </Data>
        </ExtendedData>
      </Placemark>
      <Placemark>
        <name>Coastal Uk Group Limited</name>
        <address>EX38 7JA</address>
        <description><![CDATA[Site Name and or Address: Deep Moor Civic And Amenity Composting Site<br>Postcode: EX38 7JA<br>Local Authority of site: Devon]]></description>
        <styleUrl>#icon-1850-F9A825</styleUrl>
        <ExtendedData>
          <Data name="Site Name and or Address">
            <value>Deep Moor Civic And Amenity Composting Site</value>
          </Data>
          <Data name="Postcode">
            <value>EX38 7JA</value>
          </Data>
          <Data name="Local Authority of site">
            <value>Devon</value>
          </Data>
        </ExtendedData>
      </Placemark>
      <Placemark>
        <name>South West Water Ltd</name>
        <address>EX16 4PT</address>
        <description><![CDATA[Site Name and or Address: Tiverton Waste Water Treatment Works<br>Postcode: EX16 4PT<br>Local Authority of site: Devon]]></description>
        <styleUrl>#icon-1850-F9A825</styleUrl>
        <ExtendedData>
          <Data name="Site Name and or Address">
            <value>Tiverton Waste Water Treatment Works</value>
          </Data>
          <Data name="Postcode">
            <value>EX16 4PT</value>
          </Data>
          <Data name="Local Authority of site">
            <value>Devon</value>
          </Data>
        </ExtendedData>
      </Placemark>
      <Placemark>
        <name>Mark Farwell Plant Hire Limited</name>
        <address>DT11 8SY</address>
        <description><![CDATA[Site Name and or Address: Down End Farm<br>Postcode: DT11 8SY<br>Local Authority of site: Dorset]]></description>
        <styleUrl>#icon-1850-F9A825</styleUrl>
        <ExtendedData>
          <Data name="Site Name and or Address">
            <value>Down End Farm</value>
          </Data>
          <Data name="Postcode">
            <value>DT11 8SY</value>
          </Data>
          <Data name="Local Authority of site">
            <value>Dorset</value>
          </Data>
        </ExtendedData>
      </Placemark>
      <Placemark>
        <name>Bloomfield Composting Limited</name>
        <address>WS12 4PB</address>
        <description><![CDATA[Site Name and or Address: Bloomfield Composting Ltd<br>Postcode: WS12 4PB<br>Local Authority of site: Staffordshire]]></description>
        <styleUrl>#icon-1850-F9A825</styleUrl>
        <ExtendedData>
          <Data name="Site Name and or Address">
            <value>Bloomfield Composting Ltd</value>
          </Data>
          <Data name="Postcode">
            <value>WS12 4PB</value>
          </Data>
          <Data name="Local Authority of site">
            <value>Staffordshire</value>
          </Data>
        </ExtendedData>
      </Placemark>
      <Placemark>
        <name>The Royal Horticultural Society</name>
        <address>GU23 6QE</address>
        <description><![CDATA[Site Name and or Address: R H S Garden Wisley<br>Postcode: GU23 6QE<br>Local Authority of site: Surrey]]></description>
        <styleUrl>#icon-1850-F9A825</styleUrl>
        <ExtendedData>
          <Data name="Site Name and or Address">
            <value>R H S Garden Wisley</value>
          </Data>
          <Data name="Postcode">
            <value>GU23 6QE</value>
          </Data>
          <Data name="Local Authority of site">
            <value>Surrey</value>
          </Data>
        </ExtendedData>
      </Placemark>
      <Placemark>
        <name>Caton                    Andrew</name>
        <address>CV13 6LD</address>
        <description><![CDATA[Site Name and or Address: Caton Recycling<br>Postcode: CV13 6LD<br>Local Authority of site: Leicestershire]]></description>
        <styleUrl>#icon-1850-F9A825</styleUrl>
        <ExtendedData>
          <Data name="Site Name and or Address">
            <value>Caton Recycling</value>
          </Data>
          <Data name="Postcode">
            <value>CV13 6LD</value>
          </Data>
          <Data name="Local Authority of site">
            <value>Leicestershire</value>
          </Data>
        </ExtendedData>
      </Placemark>
      <Placemark>
        <name>Hall Plant Hire Limited</name>
        <address>S42 7JH</address>
        <description><![CDATA[Site Name and or Address: The Birches Composting Facility<br>Postcode: S42 7JH<br>Local Authority of site: Derbyshire]]></description>
        <styleUrl>#icon-1850-F9A825</styleUrl>
        <ExtendedData>
          <Data name="Site Name and or Address">
            <value>The Birches Composting Facility</value>
          </Data>
          <Data name="Postcode">
            <value>S42 7JH</value>
          </Data>
          <Data name="Local Authority of site">
            <value>Derbyshire</value>
          </Data>
        </ExtendedData>
      </Placemark>
      <Placemark>
        <name>The Royal Parks - Kensington Park</name>
        <address>W2 2UH</address>
        <description><![CDATA[Site Name and or Address: Kensington Gardens Leaf Pen<br>Postcode: W2 2UH<br>Local Authority of site: Central London]]></description>
        <styleUrl>#icon-1850-F9A825</styleUrl>
        <ExtendedData>
          <Data name="Site Name and or Address">
            <value>Kensington Gardens Leaf Pen</value>
          </Data>
          <Data name="Postcode">
            <value>W2 2UH</value>
          </Data>
          <Data name="Local Authority of site">
            <value>Central London</value>
          </Data>
        </ExtendedData>
      </Placemark>
      <Placemark>
        <name>The Royal Parks</name>
        <address>NW1 4NR</address>
        <description><![CDATA[Site Name and or Address: Regents Park Leaf Yard<br>Postcode: NW1 4NR<br>Local Authority of site: Central London]]></description>
        <styleUrl>#icon-1850-F9A825</styleUrl>
        <ExtendedData>
          <Data name="Site Name and or Address">
            <value>Regents Park Leaf Yard</value>
          </Data>
          <Data name="Postcode">
            <value>NW1 4NR</value>
          </Data>
          <Data name="Local Authority of site">
            <value>Central London</value>
          </Data>
        </ExtendedData>
      </Placemark>
      <Placemark>
        <name>The Royal Parks - Greenwich Park</name>
        <address>SE10 8QY</address>
        <description><![CDATA[Site Name and or Address: Greenwich Park Leaf Yard<br>Postcode: SE10 8QY<br>Local Authority of site: South East London]]></description>
        <styleUrl>#icon-1850-F9A825</styleUrl>
        <ExtendedData>
          <Data name="Site Name and or Address">
            <value>Greenwich Park Leaf Yard</value>
          </Data>
          <Data name="Postcode">
            <value>SE10 8QY</value>
          </Data>
          <Data name="Local Authority of site">
            <value>South East London</value>
          </Data>
        </ExtendedData>
      </Placemark>
      <Placemark>
        <name>Sherwood Farms Ltd</name>
        <address>NG12 2JZ</address>
        <description><![CDATA[Site Name and or Address: Sherwood Farms Ltd<br>Postcode: NG12 2JZ<br>Local Authority of site: Nottinghamshire]]></description>
        <styleUrl>#icon-1850-F9A825</styleUrl>
        <ExtendedData>
          <Data name="Site Name and or Address">
            <value>Sherwood Farms Ltd</value>
          </Data>
          <Data name="Postcode">
            <value>NG12 2JZ</value>
          </Data>
          <Data name="Local Authority of site">
            <value>Nottinghamshire</value>
          </Data>
        </ExtendedData>
      </Placemark>
      <Placemark>
        <name>Gorsefield Farm Ltd</name>
        <address>S65 4LY</address>
        <description><![CDATA[Site Name and or Address: Gorsefield Farm Compost Facility<br>Postcode: S65 4LY<br>Local Authority of site: South Yorkshire]]></description>
        <styleUrl>#icon-1850-F9A825</styleUrl>
        <ExtendedData>
          <Data name="Site Name and or Address">
            <value>Gorsefield Farm Compost Facility</value>
          </Data>
          <Data name="Postcode">
            <value>S65 4LY</value>
          </Data>
          <Data name="Local Authority of site">
            <value>South Yorkshire</value>
          </Data>
        </ExtendedData>
      </Placemark>
      <Placemark>
        <name>Enovert South Limited</name>
        <address>GL52 4RT</address>
        <description><![CDATA[Site Name and or Address: Wingmoor Farm Landfill Site<br>Postcode: GL52 4RT<br>Local Authority of site: Gloucestershire]]></description>
        <styleUrl>#icon-1850-F9A825</styleUrl>
        <ExtendedData>
          <Data name="Site Name and or Address">
            <value>Wingmoor Farm Landfill Site</value>
          </Data>
          <Data name="Postcode">
            <value>GL52 4RT</value>
          </Data>
          <Data name="Local Authority of site">
            <value>Gloucestershire</value>
          </Data>
        </ExtendedData>
      </Placemark>
      <Placemark>
        <name>Birmingham City Council</name>
        <address>B45 8UN</address>
        <description><![CDATA[Site Name and or Address: Green Waste Recycling<br>Postcode: B45 8UN<br>Local Authority of site: West Midlands Met Districts]]></description>
        <styleUrl>#icon-1850-F9A825</styleUrl>
        <ExtendedData>
          <Data name="Site Name and or Address">
            <value>Green Waste Recycling</value>
          </Data>
          <Data name="Postcode">
            <value>B45 8UN</value>
          </Data>
          <Data name="Local Authority of site">
            <value>West Midlands Met Districts</value>
          </Data>
        </ExtendedData>
      </Placemark>
      <Placemark>
        <name>Brinklow Quarry Limited</name>
        <address>CV23 0NJ</address>
        <description><![CDATA[Site Name and or Address: A Aston Compost Services<br>Postcode: CV23 0NJ<br>Local Authority of site: Warwickshire]]></description>
        <styleUrl>#icon-1850-F9A825</styleUrl>
        <ExtendedData>
          <Data name="Site Name and or Address">
            <value>A Aston Compost Services</value>
          </Data>
          <Data name="Postcode">
            <value>CV23 0NJ</value>
          </Data>
          <Data name="Local Authority of site">
            <value>Warwickshire</value>
          </Data>
        </ExtendedData>
      </Placemark>
      <Placemark>
        <name>3 C Waste Ltd</name>
        <address>CH2 4JP</address>
        <description><![CDATA[Site Name and or Address: Gowy Landfill Site Composting Facility<br>Postcode: CH2 4JP<br>Local Authority of site: Cheshire]]></description>
        <styleUrl>#icon-1850-F9A825</styleUrl>
        <ExtendedData>
          <Data name="Site Name and or Address">
            <value>Gowy Landfill Site Composting Facility</value>
          </Data>
          <Data name="Postcode">
            <value>CH2 4JP</value>
          </Data>
          <Data name="Local Authority of site">
            <value>Cheshire</value>
          </Data>
        </ExtendedData>
      </Placemark>
      <Placemark>
        <name>Eric Langton And Janet Langton</name>
        <address>L35 1QE</address>
        <description><![CDATA[Site Name and or Address: Tarbock Green Nurseries<br>Postcode: L35 1QE<br>Local Authority of site: Merseyside]]></description>
        <styleUrl>#icon-1850-F9A825</styleUrl>
        <ExtendedData>
          <Data name="Site Name and or Address">
            <value>Tarbock Green Nurseries</value>
          </Data>
          <Data name="Postcode">
            <value>L35 1QE</value>
          </Data>
          <Data name="Local Authority of site">
            <value>Merseyside</value>
          </Data>
        </ExtendedData>
      </Placemark>
      <Placemark>
        <name>George Whittaker And Sons ( Knutsford ) Ltd</name>
        <address>WA6 0HA</address>
        <description><![CDATA[Site Name and or Address: Hapsford Composting Site<br>Postcode: WA6 0HA<br>Local Authority of site: Cheshire]]></description>
        <styleUrl>#icon-1850-F9A825</styleUrl>
        <ExtendedData>
          <Data name="Site Name and or Address">
            <value>Hapsford Composting Site</value>
          </Data>
          <Data name="Postcode">
            <value>WA6 0HA</value>
          </Data>
          <Data name="Local Authority of site">
            <value>Cheshire</value>
          </Data>
        </ExtendedData>
      </Placemark>
      <Placemark>
        <name><![CDATA[C E & A Walley]]></name>
        <address>CH3 7PH</address>
        <description><![CDATA[Site Name and or Address: Cotton Abbotts Composting Acility<br>Postcode: CH3 7PH<br>Local Authority of site: Cheshire]]></description>
        <styleUrl>#icon-1850-F9A825</styleUrl>
        <ExtendedData>
          <Data name="Site Name and or Address">
            <value>Cotton Abbotts Composting Acility</value>
          </Data>
          <Data name="Postcode">
            <value>CH3 7PH</value>
          </Data>
          <Data name="Local Authority of site">
            <value>Cheshire</value>
          </Data>
        </ExtendedData>
      </Placemark>
      <Placemark>
        <name>C R J Services Ltd</name>
        <address>CW11 3QX</address>
        <description><![CDATA[Site Name and or Address: Fields Farm Composting Facility<br>Postcode: CW11 3QX<br>Local Authority of site: Cheshire]]></description>
        <styleUrl>#icon-1850-F9A825</styleUrl>
        <ExtendedData>
          <Data name="Site Name and or Address">
            <value>Fields Farm Composting Facility</value>
          </Data>
          <Data name="Postcode">
            <value>CW11 3QX</value>
          </Data>
          <Data name="Local Authority of site">
            <value>Cheshire</value>
          </Data>
        </ExtendedData>
      </Placemark>
      <Placemark>
        <name>Suez Recycling And Recovery Lancashire Ltd</name>
        <address>PR4 0XE</address>
        <description><![CDATA[Site Name and or Address: Clifton Marsh Composting Facility<br>Postcode: PR4 0XE<br>Local Authority of site: Lancashire]]></description>
        <styleUrl>#icon-1850-F9A825</styleUrl>
        <ExtendedData>
          <Data name="Site Name and or Address">
            <value>Clifton Marsh Composting Facility</value>
          </Data>
          <Data name="Postcode">
            <value>PR4 0XE</value>
          </Data>
          <Data name="Local Authority of site">
            <value>Lancashire</value>
          </Data>
        </ExtendedData>
      </Placemark>
      <Placemark>
        <name><![CDATA[H & E Trotter Ltd]]></name>
        <address>CA4 0PZ</address>
        <description><![CDATA[Site Name and or Address: Eden Organics Composting Site<br>Postcode: CA4 0PZ<br>Local Authority of site: Cumbria]]></description>
        <styleUrl>#icon-1850-F9A825</styleUrl>
        <ExtendedData>
          <Data name="Site Name and or Address">
            <value>Eden Organics Composting Site</value>
          </Data>
          <Data name="Postcode">
            <value>CA4 0PZ</value>
          </Data>
          <Data name="Local Authority of site">
            <value>Cumbria</value>
          </Data>
        </ExtendedData>
      </Placemark>
      <Placemark>
        <name><![CDATA[Mr D J & Mrs S A Enderby]]></name>
        <address>NE46 4HF</address>
        <description><![CDATA[Site Name and or Address: Codlaw Farms<br>Postcode: NE46 4HF<br>Local Authority of site: Northumberland]]></description>
        <styleUrl>#icon-1850-F9A825</styleUrl>
        <ExtendedData>
          <Data name="Site Name and or Address">
            <value>Codlaw Farms</value>
          </Data>
          <Data name="Postcode">
            <value>NE46 4HF</value>
          </Data>
          <Data name="Local Authority of site">
            <value>Northumberland</value>
          </Data>
        </ExtendedData>
      </Placemark>
      <Placemark>
        <name>Yorwaste Ltd</name>
        <address>YO12 4QA</address>
        <description><![CDATA[Site Name and or Address: Seamer Carr Composting Facility<br>Postcode: YO12 4QA<br>Local Authority of site: North Yorkshire]]></description>
        <styleUrl>#icon-1850-F9A825</styleUrl>
        <ExtendedData>
          <Data name="Site Name and or Address">
            <value>Seamer Carr Composting Facility</value>
          </Data>
          <Data name="Postcode">
            <value>YO12 4QA</value>
          </Data>
          <Data name="Local Authority of site">
            <value>North Yorkshire</value>
          </Data>
        </ExtendedData>
      </Placemark>
      <Placemark>
        <name>Peterborough City Council</name>
        <address>PE1 3DT</address>
        <description><![CDATA[Site Name and or Address: Dogsthorpe Landfill Site (composting)<br>Postcode: PE1 3DT<br>Local Authority of site: Cambridgeshire]]></description>
        <styleUrl>#icon-1850-F9A825</styleUrl>
        <ExtendedData>
          <Data name="Site Name and or Address">
            <value>Dogsthorpe Landfill Site (composting)</value>
          </Data>
          <Data name="Postcode">
            <value>PE1 3DT</value>
          </Data>
          <Data name="Local Authority of site">
            <value>Cambridgeshire</value>
          </Data>
        </ExtendedData>
      </Placemark>
      <Placemark>
        <name>Greens Of Soham Limited</name>
        <address>CB7 5UW</address>
        <description><![CDATA[Site Name and or Address: Greens - Mettleham Transfer Station<br>Postcode: CB7 5UW<br>Local Authority of site: Cambridgeshire]]></description>
        <styleUrl>#icon-1850-F9A825</styleUrl>
        <ExtendedData>
          <Data name="Site Name and or Address">
            <value>Greens - Mettleham Transfer Station</value>
          </Data>
          <Data name="Postcode">
            <value>CB7 5UW</value>
          </Data>
          <Data name="Local Authority of site">
            <value>Cambridgeshire</value>
          </Data>
        </ExtendedData>
      </Placemark>
      <Placemark>
        <name>Appleton                 Bernard Gordon</name>
        <address>CM9 8LS</address>
        <description><![CDATA[Site Name and or Address: Loamylands Farm<br>Postcode: CM9 8LS<br>Local Authority of site: Essex]]></description>
        <styleUrl>#icon-1850-F9A825</styleUrl>
        <ExtendedData>
          <Data name="Site Name and or Address">
            <value>Loamylands Farm</value>
          </Data>
          <Data name="Postcode">
            <value>CM9 8LS</value>
          </Data>
          <Data name="Local Authority of site">
            <value>Essex</value>
          </Data>
        </ExtendedData>
      </Placemark>
      <Placemark>
        <name>Veolia E S Cleanaway ( U K ) Ltd</name>
        <address>SS16 4UH</address>
        <description><![CDATA[Site Name and or Address: Pitsea Composting Site<br>Postcode: SS16 4UH<br>Local Authority of site: Essex]]></description>
        <styleUrl>#icon-1850-F9A825</styleUrl>
        <ExtendedData>
          <Data name="Site Name and or Address">
            <value>Pitsea Composting Site</value>
          </Data>
          <Data name="Postcode">
            <value>SS16 4UH</value>
          </Data>
          <Data name="Local Authority of site">
            <value>Essex</value>
          </Data>
        </ExtendedData>
      </Placemark>
      <Placemark>
        <name>Tree Fella Limited</name>
        <address>SS3 9TR</address>
        <description><![CDATA[Site Name and or Address: Stewards Yard<br>Postcode: SS3 9TR<br>Local Authority of site: Essex]]></description>
        <styleUrl>#icon-1850-F9A825</styleUrl>
        <ExtendedData>
          <Data name="Site Name and or Address">
            <value>Stewards Yard</value>
          </Data>
          <Data name="Postcode">
            <value>SS3 9TR</value>
          </Data>
          <Data name="Local Authority of site">
            <value>Essex</value>
          </Data>
        </ExtendedData>
      </Placemark>
      <Placemark>
        <name>O R M North Norfolk Limited</name>
        <address>NR24 2AT</address>
        <description><![CDATA[Site Name and or Address: O R M North Norfolk<br>Postcode: NR24 2AT<br>Local Authority of site: Norfolk]]></description>
        <styleUrl>#icon-1850-F9A825</styleUrl>
        <ExtendedData>
          <Data name="Site Name and or Address">
            <value>O R M North Norfolk</value>
          </Data>
          <Data name="Postcode">
            <value>NR24 2AT</value>
          </Data>
          <Data name="Local Authority of site">
            <value>Norfolk</value>
          </Data>
        </ExtendedData>
      </Placemark>
      <Placemark>
        <name><![CDATA[M Gaze & Co Ltd]]></name>
        <address>NR14 6NZ</address>
        <description><![CDATA[Site Name and or Address: Crossways Farm<br>Postcode: NR14 6NZ<br>Local Authority of site: Norfolk]]></description>
        <styleUrl>#icon-1850-F9A825</styleUrl>
        <ExtendedData>
          <Data name="Site Name and or Address">
            <value>Crossways Farm</value>
          </Data>
          <Data name="Postcode">
            <value>NR14 6NZ</value>
          </Data>
          <Data name="Local Authority of site">
            <value>Norfolk</value>
          </Data>
        </ExtendedData>
      </Placemark>
      <Placemark>
        <name>Envar Composting ( North) Ltd</name>
        <address>CV23 8XF</address>
        <description><![CDATA[Site Name and or Address: Kilsby Composting & Recycling Facility<br>Postcode: CV23 8XF<br>Local Authority of site: Northamptonshire]]></description>
        <styleUrl>#icon-1850-F9A825</styleUrl>
        <ExtendedData>
          <Data name="Site Name and or Address">
            <value><![CDATA[Kilsby Composting & Recycling Facility]]></value>
          </Data>
          <Data name="Postcode">
            <value>CV23 8XF</value>
          </Data>
          <Data name="Local Authority of site">
            <value>Northamptonshire</value>
          </Data>
        </ExtendedData>
      </Placemark>
      <Placemark>
        <name>Leicestershire County Council</name>
        <address>LE8 0RB</address>
        <description><![CDATA[Site Name and or Address: Kibworth Composting Facility<br>Postcode: LE8 0RB<br>Local Authority of site: Leicestershire]]></description>
        <styleUrl>#icon-1850-F9A825</styleUrl>
        <ExtendedData>
          <Data name="Site Name and or Address">
            <value>Kibworth Composting Facility</value>
          </Data>
          <Data name="Postcode">
            <value>LE8 0RB</value>
          </Data>
          <Data name="Local Authority of site">
            <value>Leicestershire</value>
          </Data>
        </ExtendedData>
      </Placemark>
      <Placemark>
        <name>Welland Waste Management Limited</name>
        <address>LE17 6NJ</address>
        <description><![CDATA[Site Name and or Address: Pebble Hall<br>Postcode: LE17 6NJ<br>Local Authority of site: Northamptonshire]]></description>
        <styleUrl>#icon-1850-F9A825</styleUrl>
        <ExtendedData>
          <Data name="Site Name and or Address">
            <value>Pebble Hall</value>
          </Data>
          <Data name="Postcode">
            <value>LE17 6NJ</value>
          </Data>
          <Data name="Local Authority of site">
            <value>Northamptonshire</value>
          </Data>
        </ExtendedData>
      </Placemark>
      <Placemark>
        <name>Clarkeson Recycling</name>
        <address>DN37 8NQ</address>
        <description><![CDATA[Site Name and or Address: Clarkeson Organic Recycling<br>Postcode: DN37 8NQ<br>Local Authority of site: Lincolnshire]]></description>
        <styleUrl>#icon-1850-F9A825</styleUrl>
        <ExtendedData>
          <Data name="Site Name and or Address">
            <value>Clarkeson Organic Recycling</value>
          </Data>
          <Data name="Postcode">
            <value>DN37 8NQ</value>
          </Data>
          <Data name="Local Authority of site">
            <value>Lincolnshire</value>
          </Data>
        </ExtendedData>
      </Placemark>
      <Placemark>
        <name>Donarbon Ltd</name>
        <address>CB5 9PG</address>
        <description><![CDATA[Site Name and or Address: Donarbon Ltd - Cambridge Recycling Centre<br>Postcode: CB5 9PG<br>Local Authority of site: Cambridgeshire]]></description>
        <styleUrl>#icon-1850-F9A825</styleUrl>
        <ExtendedData>
          <Data name="Site Name and or Address">
            <value>Donarbon Ltd - Cambridge Recycling Centre</value>
          </Data>
          <Data name="Postcode">
            <value>CB5 9PG</value>
          </Data>
          <Data name="Local Authority of site">
            <value>Cambridgeshire</value>
          </Data>
        </ExtendedData>
      </Placemark>
      <Placemark>
        <name>Heathcote Farms Ltd</name>
        <address>LU5 6HH</address>
        <description><![CDATA[Site Name and or Address: Herne Grange Farm - Toddington<br>Postcode: LU5 6HH<br>Local Authority of site: Bedfordshire]]></description>
        <styleUrl>#icon-1850-F9A825</styleUrl>
        <ExtendedData>
          <Data name="Site Name and or Address">
            <value>Herne Grange Farm - Toddington</value>
          </Data>
          <Data name="Postcode">
            <value>LU5 6HH</value>
          </Data>
          <Data name="Local Authority of site">
            <value>Bedfordshire</value>
          </Data>
        </ExtendedData>
      </Placemark>
      <Placemark>
        <name>A W O Recycling Limited</name>
        <address>PE26 2RW</address>
        <description><![CDATA[Site Name and or Address: Bury Lane Farm Composting Facility<br>Postcode: PE26 2RW<br>Local Authority of site: Cambridgeshire]]></description>
        <styleUrl>#icon-1850-F9A825</styleUrl>
        <ExtendedData>
          <Data name="Site Name and or Address">
            <value>Bury Lane Farm Composting Facility</value>
          </Data>
          <Data name="Postcode">
            <value>PE26 2RW</value>
          </Data>
          <Data name="Local Authority of site">
            <value>Cambridgeshire</value>
          </Data>
        </ExtendedData>
      </Placemark>
      <Placemark>
        <name>Country Compost Ltd</name>
        <address>UB9 6LT</address>
        <description><![CDATA[Site Name and or Address: Crows Nest Farm<br>Postcode: UB9 6LT<br>Local Authority of site: West London Waste Authority]]></description>
        <styleUrl>#icon-1850-F9A825</styleUrl>
        <ExtendedData>
          <Data name="Site Name and or Address">
            <value>Crows Nest Farm</value>
          </Data>
          <Data name="Postcode">
            <value>UB9 6LT</value>
          </Data>
          <Data name="Local Authority of site">
            <value>West London Waste Authority</value>
          </Data>
        </ExtendedData>
      </Placemark>
      <Placemark>
        <name>Short                    Gary</name>
        <address>RG42 6LR</address>
        <description><![CDATA[Site Name and or Address: Planners Farm<br>Postcode: RG42 6LR<br>Local Authority of site: Berkshire]]></description>
        <styleUrl>#icon-1850-F9A825</styleUrl>
        <ExtendedData>
          <Data name="Site Name and or Address">
            <value>Planners Farm</value>
          </Data>
          <Data name="Postcode">
            <value>RG42 6LR</value>
          </Data>
          <Data name="Local Authority of site">
            <value>Berkshire</value>
          </Data>
        </ExtendedData>
      </Placemark>
      <Placemark>
        <name>Growing Beds Recycling Services Limited</name>
        <address>MK44 2RS</address>
        <description><![CDATA[Site Name and or Address: Ravensden Composting Facility EPR/GP3793LL<br>Postcode: MK44 2RS<br>Local Authority of site: Bedfordshire]]></description>
        <styleUrl>#icon-1850-F9A825</styleUrl>
        <ExtendedData>
          <Data name="Site Name and or Address">
            <value>Ravensden Composting Facility EPR/GP3793LL</value>
          </Data>
          <Data name="Postcode">
            <value>MK44 2RS</value>
          </Data>
          <Data name="Local Authority of site">
            <value>Bedfordshire</value>
          </Data>
        </ExtendedData>
      </Placemark>
      <Placemark>
        <name>New Earth Solutions (Canford) Limited</name>
        <address>BH21 3AP</address>
        <description><![CDATA[Site Name and or Address: Canford MBT Facility EPR/FP3393SB<br>Postcode: BH21 3AP<br>Local Authority of site: Dorset]]></description>
        <styleUrl>#icon-1850-F9A825</styleUrl>
        <ExtendedData>
          <Data name="Site Name and or Address">
            <value>Canford MBT Facility EPR/FP3393SB</value>
          </Data>
          <Data name="Postcode">
            <value>BH21 3AP</value>
          </Data>
          <Data name="Local Authority of site">
            <value>Dorset</value>
          </Data>
        </ExtendedData>
      </Placemark>
      <Placemark>
        <name><![CDATA[J & F Powner Limited]]></name>
        <address>LE10 3AW</address>
        <description><![CDATA[Site Name and or Address: J & F Powner Ltd Composting<br>Postcode: LE10 3AW<br>Local Authority of site: Leicestershire]]></description>
        <styleUrl>#icon-1850-F9A825</styleUrl>
        <ExtendedData>
          <Data name="Site Name and or Address">
            <value><![CDATA[J & F Powner Ltd Composting]]></value>
          </Data>
          <Data name="Postcode">
            <value>LE10 3AW</value>
          </Data>
          <Data name="Local Authority of site">
            <value>Leicestershire</value>
          </Data>
        </ExtendedData>
      </Placemark>
      <Placemark>
        <name>Pendock Estates Ltd</name>
        <address>GL19 4PR</address>
        <description><![CDATA[Site Name and or Address: Pendock Environmental<br>Postcode: GL19 4PR<br>Local Authority of site: Worcestershire]]></description>
        <styleUrl>#icon-1850-F9A825</styleUrl>
        <ExtendedData>
          <Data name="Site Name and or Address">
            <value>Pendock Environmental</value>
          </Data>
          <Data name="Postcode">
            <value>GL19 4PR</value>
          </Data>
          <Data name="Local Authority of site">
            <value>Worcestershire</value>
          </Data>
        </ExtendedData>
      </Placemark>
      <Placemark>
        <name>Mr Alan Willey And Mrs Marilyn Willey</name>
        <address>NE17 7AS</address>
        <description><![CDATA[Site Name and or Address: Greentech Recycling<br>Postcode: NE17 7AS<br>Local Authority of site: Tyne & Wear]]></description>
        <styleUrl>#icon-1850-F9A825</styleUrl>
        <ExtendedData>
          <Data name="Site Name and or Address">
            <value>Greentech Recycling</value>
          </Data>
          <Data name="Postcode">
            <value>NE17 7AS</value>
          </Data>
          <Data name="Local Authority of site">
            <value><![CDATA[Tyne & Wear]]></value>
          </Data>
        </ExtendedData>
      </Placemark>
      <Placemark>
        <name>Land Network ( Melton ) Ltd</name>
        <address>LE14 4QS</address>
        <description><![CDATA[Site Name and or Address: Beech Tree Farm<br>Postcode: LE14 4QS<br>Local Authority of site: Leicestershire]]></description>
        <styleUrl>#icon-1850-F9A825</styleUrl>
        <ExtendedData>
          <Data name="Site Name and or Address">
            <value>Beech Tree Farm</value>
          </Data>
          <Data name="Postcode">
            <value>LE14 4QS</value>
          </Data>
          <Data name="Local Authority of site">
            <value>Leicestershire</value>
          </Data>
        </ExtendedData>
      </Placemark>
      <Placemark>
        <name><![CDATA[R M Penny ( Plant Hire & Demolition ) Ltd]]></name>
        <address>BA5 3EP</address>
        <description><![CDATA[Site Name and or Address: Green Ore Farm<br>Postcode: BA5 3EP<br>Local Authority of site: Somerset]]></description>
        <styleUrl>#icon-1850-F9A825</styleUrl>
        <ExtendedData>
          <Data name="Site Name and or Address">
            <value>Green Ore Farm</value>
          </Data>
          <Data name="Postcode">
            <value>BA5 3EP</value>
          </Data>
          <Data name="Local Authority of site">
            <value>Somerset</value>
          </Data>
        </ExtendedData>
      </Placemark>
      <Placemark>
        <name>Green Leaf Recycling Ltd</name>
        <address>NE22 6AA</address>
        <description><![CDATA[Site Name and or Address: Green Leaf Recycling Ltd<br>Postcode: NE22 6AA<br>Local Authority of site: Northumberland]]></description>
        <styleUrl>#icon-1850-F9A825</styleUrl>
        <ExtendedData>
          <Data name="Site Name and or Address">
            <value>Green Leaf Recycling Ltd</value>
          </Data>
          <Data name="Postcode">
            <value>NE22 6AA</value>
          </Data>
          <Data name="Local Authority of site">
            <value>Northumberland</value>
          </Data>
        </ExtendedData>
      </Placemark>
      <Placemark>
        <name>Grendon Recycling Limited</name>
        <address>CV9 3DT</address>
        <description><![CDATA[Site Name and or Address: Grendon House Farm<br>Postcode: CV9 3DT<br>Local Authority of site: Warwickshire]]></description>
        <styleUrl>#icon-1850-F9A825</styleUrl>
        <ExtendedData>
          <Data name="Site Name and or Address">
            <value>Grendon House Farm</value>
          </Data>
          <Data name="Postcode">
            <value>CV9 3DT</value>
          </Data>
          <Data name="Local Authority of site">
            <value>Warwickshire</value>
          </Data>
        </ExtendedData>
      </Placemark>
      <Placemark>
        <name>Mr David Berlyn And Mr Gavin Berlyn</name>
        <address>TQ3 1RS</address>
        <description><![CDATA[Site Name and or Address: Wildwoods Farm<br>Postcode: TQ3 1RS<br>Local Authority of site: Devon]]></description>
        <styleUrl>#icon-1850-F9A825</styleUrl>
        <ExtendedData>
          <Data name="Site Name and or Address">
            <value>Wildwoods Farm</value>
          </Data>
          <Data name="Postcode">
            <value>TQ3 1RS</value>
          </Data>
          <Data name="Local Authority of site">
            <value>Devon</value>
          </Data>
        </ExtendedData>
      </Placemark>
      <Placemark>
        <name>Mr John Fallows And Mrs Gloria Fallows</name>
        <address>ST10 2EG</address>
        <description><![CDATA[Site Name and or Address: Fallows Recycling Services<br>Postcode: ST10 2EG<br>Local Authority of site: Staffordshire]]></description>
        <styleUrl>#icon-1850-F9A825</styleUrl>
        <ExtendedData>
          <Data name="Site Name and or Address">
            <value>Fallows Recycling Services</value>
          </Data>
          <Data name="Postcode">
            <value>ST10 2EG</value>
          </Data>
          <Data name="Local Authority of site">
            <value>Staffordshire</value>
          </Data>
        </ExtendedData>
      </Placemark>
      <Placemark>
        <name>Downs Farm Ltd</name>
        <address>TR27 6LH</address>
        <description><![CDATA[Site Name and or Address: Downs Farm Ltd<br>Postcode: TR27 6LH<br>Local Authority of site: Cornwall]]></description>
        <styleUrl>#icon-1850-F9A825</styleUrl>
        <ExtendedData>
          <Data name="Site Name and or Address">
            <value>Downs Farm Ltd</value>
          </Data>
          <Data name="Postcode">
            <value>TR27 6LH</value>
          </Data>
          <Data name="Local Authority of site">
            <value>Cornwall</value>
          </Data>
        </ExtendedData>
      </Placemark>
      <Placemark>
        <name>Lowick Manor Farms Limited</name>
        <address>NN14 3BL</address>
        <description><![CDATA[Site Name and or Address: Lowick Compost Site<br>Postcode: NN14 3BL<br>Local Authority of site: Northamptonshire]]></description>
        <styleUrl>#icon-1850-F9A825</styleUrl>
        <ExtendedData>
          <Data name="Site Name and or Address">
            <value>Lowick Compost Site</value>
          </Data>
          <Data name="Postcode">
            <value>NN14 3BL</value>
          </Data>
          <Data name="Local Authority of site">
            <value>Northamptonshire</value>
          </Data>
        </ExtendedData>
      </Placemark>
      <Placemark>
        <name>Mr James Ashe And Mrs Joy Ashe</name>
        <address>LN13 0LW</address>
        <description><![CDATA[Site Name and or Address: Greenaway Green Waste Services<br>Postcode: LN13 0LW<br>Local Authority of site: Lincolnshire]]></description>
        <styleUrl>#icon-1850-F9A825</styleUrl>
        <ExtendedData>
          <Data name="Site Name and or Address">
            <value>Greenaway Green Waste Services</value>
          </Data>
          <Data name="Postcode">
            <value>LN13 0LW</value>
          </Data>
          <Data name="Local Authority of site">
            <value>Lincolnshire</value>
          </Data>
        </ExtendedData>
      </Placemark>
      <Placemark>
        <name>Severn Trent Green Power Group Limited</name>
        <address>SN7 8RX</address>
        <description><![CDATA[Site Name and or Address: Hinton Compost Site<br>Postcode: SN7 8RX<br>Local Authority of site: Oxfordshire]]></description>
        <styleUrl>#icon-1850-F9A825</styleUrl>
        <ExtendedData>
          <Data name="Site Name and or Address">
            <value>Hinton Compost Site</value>
          </Data>
          <Data name="Postcode">
            <value>SN7 8RX</value>
          </Data>
          <Data name="Local Authority of site">
            <value>Oxfordshire</value>
          </Data>
        </ExtendedData>
      </Placemark>
      <Placemark>
        <name>Enovert South Limited</name>
        <address>GL2 5FR</address>
        <description><![CDATA[Site Name and or Address: Hempsted Landfill Site<br>Postcode: GL2 5FR<br>Local Authority of site: Gloucestershire]]></description>
        <styleUrl>#icon-1850-F9A825</styleUrl>
        <ExtendedData>
          <Data name="Site Name and or Address">
            <value>Hempsted Landfill Site</value>
          </Data>
          <Data name="Postcode">
            <value>GL2 5FR</value>
          </Data>
          <Data name="Local Authority of site">
            <value>Gloucestershire</value>
          </Data>
        </ExtendedData>
      </Placemark>
      <Placemark>
        <name>Devon Waste Management Ltd</name>
        <address>EX6 7XL</address>
        <description><![CDATA[Site Name and or Address: Bickham Farm Site<br>Postcode: EX6 7XL<br>Local Authority of site: Devon]]></description>
        <styleUrl>#icon-1850-F9A825</styleUrl>
        <ExtendedData>
          <Data name="Site Name and or Address">
            <value>Bickham Farm Site</value>
          </Data>
          <Data name="Postcode">
            <value>EX6 7XL</value>
          </Data>
          <Data name="Local Authority of site">
            <value>Devon</value>
          </Data>
        </ExtendedData>
      </Placemark>
      <Placemark>
        <name>Devon Waste Management Ltd</name>
        <address>EX6 8RR</address>
        <description><![CDATA[Site Name and or Address: Chiverstone 2<br>Postcode: EX6 8RR<br>Local Authority of site: Devon]]></description>
        <styleUrl>#icon-1850-F9A825</styleUrl>
        <ExtendedData>
          <Data name="Site Name and or Address">
            <value>Chiverstone 2</value>
          </Data>
          <Data name="Postcode">
            <value>EX6 8RR</value>
          </Data>
          <Data name="Local Authority of site">
            <value>Devon</value>
          </Data>
        </ExtendedData>
      </Placemark>
      <Placemark>
        <name>Devon Waste Management Ltd</name>
        <address>EX6 8RR</address>
        <description><![CDATA[Site Name and or Address: Chiv 3 Clumpits<br>Postcode: EX6 8RR<br>Local Authority of site: Devon]]></description>
        <styleUrl>#icon-1850-F9A825</styleUrl>
        <ExtendedData>
          <Data name="Site Name and or Address">
            <value>Chiv 3 Clumpits</value>
          </Data>
          <Data name="Postcode">
            <value>EX6 8RR</value>
          </Data>
          <Data name="Local Authority of site">
            <value>Devon</value>
          </Data>
        </ExtendedData>
      </Placemark>
      <Placemark>
        <name>Devon Waste Management Ltd</name>
        <address>EX6 8JL</address>
        <description><![CDATA[Site Name and or Address: Exwell Barton Farm<br>Postcode: EX6 8JL<br>Local Authority of site: Devon]]></description>
        <styleUrl>#icon-1850-F9A825</styleUrl>
        <ExtendedData>
          <Data name="Site Name and or Address">
            <value>Exwell Barton Farm</value>
          </Data>
          <Data name="Postcode">
            <value>EX6 8JL</value>
          </Data>
          <Data name="Local Authority of site">
            <value>Devon</value>
          </Data>
        </ExtendedData>
      </Placemark>
      <Placemark>
        <name>Devon Waste Management Limited</name>
        <address>TQ11 0LD</address>
        <description><![CDATA[Site Name and or Address: Wallaford Cross<br>Postcode: TQ11 0LD<br>Local Authority of site: Devon]]></description>
        <styleUrl>#icon-1850-F9A825</styleUrl>
        <ExtendedData>
          <Data name="Site Name and or Address">
            <value>Wallaford Cross</value>
          </Data>
          <Data name="Postcode">
            <value>TQ11 0LD</value>
          </Data>
          <Data name="Local Authority of site">
            <value>Devon</value>
          </Data>
        </ExtendedData>
      </Placemark>
      <Placemark>
        <name>Devon Waste Management Limited</name>
        <address>TQ13 9LU</address>
        <description><![CDATA[Site Name and or Address: Kiln Down<br>Postcode: TQ13 9LU<br>Local Authority of site: Devon]]></description>
        <styleUrl>#icon-1850-F9A825</styleUrl>
        <ExtendedData>
          <Data name="Site Name and or Address">
            <value>Kiln Down</value>
          </Data>
          <Data name="Postcode">
            <value>TQ13 9LU</value>
          </Data>
          <Data name="Local Authority of site">
            <value>Devon</value>
          </Data>
        </ExtendedData>
      </Placemark>
      <Placemark>
        <name>Devon Waste Management Ltd</name>
        <address>EX24 6SM</address>
        <description><![CDATA[Site Name and or Address: Logshayne 1<br>Postcode: EX24 6SM<br>Local Authority of site: Devon]]></description>
        <styleUrl>#icon-1850-F9A825</styleUrl>
        <ExtendedData>
          <Data name="Site Name and or Address">
            <value>Logshayne 1</value>
          </Data>
          <Data name="Postcode">
            <value>EX24 6SM</value>
          </Data>
          <Data name="Local Authority of site">
            <value>Devon</value>
          </Data>
        </ExtendedData>
      </Placemark>
      <Placemark>
        <name>Devon Waste Management Ltd</name>
        <address>TQ13 9LU</address>
        <description><![CDATA[Site Name and or Address: Furlong<br>Postcode: TQ13 9LU<br>Local Authority of site: Devon]]></description>
        <styleUrl>#icon-1850-F9A825</styleUrl>
        <ExtendedData>
          <Data name="Site Name and or Address">
            <value>Furlong</value>
          </Data>
          <Data name="Postcode">
            <value>TQ13 9LU</value>
          </Data>
          <Data name="Local Authority of site">
            <value>Devon</value>
          </Data>
        </ExtendedData>
      </Placemark>
      <Placemark>
        <name>Devon Waste Management Limited</name>
        <address>TQ12 6NN</address>
        <description><![CDATA[Site Name and or Address: Seal Hayne Farm<br>Postcode: TQ12 6NN<br>Local Authority of site: Devon]]></description>
        <styleUrl>#icon-1850-F9A825</styleUrl>
        <ExtendedData>
          <Data name="Site Name and or Address">
            <value>Seal Hayne Farm</value>
          </Data>
          <Data name="Postcode">
            <value>TQ12 6NN</value>
          </Data>
          <Data name="Local Authority of site">
            <value>Devon</value>
          </Data>
        </ExtendedData>
      </Placemark>
      <Placemark>
        <name>Widdington Recycling Limited</name>
        <address>CB11 3SL</address>
        <description><![CDATA[Site Name and or Address: Widdington Pit<br>Postcode: CB11 3SL<br>Local Authority of site: Essex]]></description>
        <styleUrl>#icon-1850-F9A825</styleUrl>
        <ExtendedData>
          <Data name="Site Name and or Address">
            <value>Widdington Pit</value>
          </Data>
          <Data name="Postcode">
            <value>CB11 3SL</value>
          </Data>
          <Data name="Local Authority of site">
            <value>Essex</value>
          </Data>
        </ExtendedData>
      </Placemark>
      <Placemark>
        <name>Devon Waste Management Limited</name>
        <address>TQ12 6NN</address>
        <description><![CDATA[Site Name and or Address: Seale Hayne Farm<br>Postcode: TQ12 6NN<br>Local Authority of site: Devon]]></description>
        <styleUrl>#icon-1850-F9A825</styleUrl>
        <ExtendedData>
          <Data name="Site Name and or Address">
            <value>Seale Hayne Farm</value>
          </Data>
          <Data name="Postcode">
            <value>TQ12 6NN</value>
          </Data>
          <Data name="Local Authority of site">
            <value>Devon</value>
          </Data>
        </ExtendedData>
      </Placemark>
      <Placemark>
        <name>Devon Waste Management</name>
        <address>EX6 8ET</address>
        <description><![CDATA[Site Name and or Address: Willsworthy<br>Postcode: EX6 8ET<br>Local Authority of site: Devon]]></description>
        <styleUrl>#icon-1850-F9A825</styleUrl>
        <ExtendedData>
          <Data name="Site Name and or Address">
            <value>Willsworthy</value>
          </Data>
          <Data name="Postcode">
            <value>EX6 8ET</value>
          </Data>
          <Data name="Local Authority of site">
            <value>Devon</value>
          </Data>
        </ExtendedData>
      </Placemark>
      <Placemark>
        <name>Devon Waste Management Limited</name>
        <address>TQ13 7LU</address>
        <description><![CDATA[Site Name and or Address: Gullaford Farm<br>Postcode: TQ13 7LU<br>Local Authority of site: Devon]]></description>
        <styleUrl>#icon-1850-F9A825</styleUrl>
        <ExtendedData>
          <Data name="Site Name and or Address">
            <value>Gullaford Farm</value>
          </Data>
          <Data name="Postcode">
            <value>TQ13 7LU</value>
          </Data>
          <Data name="Local Authority of site">
            <value>Devon</value>
          </Data>
        </ExtendedData>
      </Placemark>
      <Placemark>
        <name>Devon Waste Management Limited</name>
        <address>TQ13 9NT</address>
        <description><![CDATA[Site Name and or Address: Higher Beadon Farm<br>Postcode: TQ13 9NT<br>Local Authority of site: Devon]]></description>
        <styleUrl>#icon-1850-F9A825</styleUrl>
        <ExtendedData>
          <Data name="Site Name and or Address">
            <value>Higher Beadon Farm</value>
          </Data>
          <Data name="Postcode">
            <value>TQ13 9NT</value>
          </Data>
          <Data name="Local Authority of site">
            <value>Devon</value>
          </Data>
        </ExtendedData>
      </Placemark>
      <Placemark>
        <name>Devon Waste Management Limited</name>
        <address>TQ13 7NG</address>
        <description><![CDATA[Site Name and or Address: Halsworthy Farm<br>Postcode: TQ13 7NG<br>Local Authority of site: Devon]]></description>
        <styleUrl>#icon-1850-F9A825</styleUrl>
        <ExtendedData>
          <Data name="Site Name and or Address">
            <value>Halsworthy Farm</value>
          </Data>
          <Data name="Postcode">
            <value>TQ13 7NG</value>
          </Data>
          <Data name="Local Authority of site">
            <value>Devon</value>
          </Data>
        </ExtendedData>
      </Placemark>
      <Placemark>
        <name>Land Network Ltd</name>
        <address>PE28 2SN</address>
        <description><![CDATA[Site Name and or Address: Fenton Manor Farm<br>Postcode: PE28 2SN<br>Local Authority of site: Cambridgeshire]]></description>
        <styleUrl>#icon-1850-F9A825</styleUrl>
        <ExtendedData>
          <Data name="Site Name and or Address">
            <value>Fenton Manor Farm</value>
          </Data>
          <Data name="Postcode">
            <value>PE28 2SN</value>
          </Data>
          <Data name="Local Authority of site">
            <value>Cambridgeshire</value>
          </Data>
        </ExtendedData>
      </Placemark>
      <Placemark>
        <name>Land Network Limited</name>
        <address>YO17 6RT</address>
        <description><![CDATA[Site Name and or Address: Eden Farm<br>Postcode: YO17 6RT<br>Local Authority of site: North Yorkshire]]></description>
        <styleUrl>#icon-1850-F9A825</styleUrl>
        <ExtendedData>
          <Data name="Site Name and or Address">
            <value>Eden Farm</value>
          </Data>
          <Data name="Postcode">
            <value>YO17 6RT</value>
          </Data>
          <Data name="Local Authority of site">
            <value>North Yorkshire</value>
          </Data>
        </ExtendedData>
      </Placemark>
      <Placemark>
        <name><![CDATA[Mr Charles Clarkson & Mrs Andrea Clarkson]]></name>
        <address>YO17 9QX</address>
        <description><![CDATA[Site Name and or Address: Beck House Farm<br>Postcode: YO17 9QX<br>Local Authority of site: North Yorkshire]]></description>
        <styleUrl>#icon-1850-F9A825</styleUrl>
        <ExtendedData>
          <Data name="Site Name and or Address">
            <value>Beck House Farm</value>
          </Data>
          <Data name="Postcode">
            <value>YO17 9QX</value>
          </Data>
          <Data name="Local Authority of site">
            <value>North Yorkshire</value>
          </Data>
        </ExtendedData>
      </Placemark>
      <Placemark>
        <name>Land Network Limited</name>
        <address>YO62 7TD</address>
        <description><![CDATA[Site Name and or Address: Beadlam Grange<br>Postcode: YO62 7TD<br>Local Authority of site: North Yorkshire]]></description>
        <styleUrl>#icon-1850-F9A825</styleUrl>
        <ExtendedData>
          <Data name="Site Name and or Address">
            <value>Beadlam Grange</value>
          </Data>
          <Data name="Postcode">
            <value>YO62 7TD</value>
          </Data>
          <Data name="Local Authority of site">
            <value>North Yorkshire</value>
          </Data>
        </ExtendedData>
      </Placemark>
      <Placemark>
        <name>Morley                   David</name>
        <address>YO21 1TL</address>
        <description><![CDATA[Site Name and or Address: Broadings Farm A<br>Postcode: YO21 1TL<br>Local Authority of site: North Yorkshire]]></description>
        <styleUrl>#icon-1850-F9A825</styleUrl>
        <ExtendedData>
          <Data name="Site Name and or Address">
            <value>Broadings Farm A</value>
          </Data>
          <Data name="Postcode">
            <value>YO21 1TL</value>
          </Data>
          <Data name="Local Authority of site">
            <value>North Yorkshire</value>
          </Data>
        </ExtendedData>
      </Placemark>
      <Placemark>
        <name>Severn Trent Green Power (Hertfordshire) Limited</name>
        <address>EN6 3NA</address>
        <description><![CDATA[Site Name and or Address: South Mimms Composting Site - EPR/LP3734QT<br>Postcode: EN6 3NA<br>Local Authority of site: Hertfordshire]]></description>
        <styleUrl>#icon-1850-F9A825</styleUrl>
        <ExtendedData>
          <Data name="Site Name and or Address">
            <value>South Mimms Composting Site - EPR/LP3734QT</value>
          </Data>
          <Data name="Postcode">
            <value>EN6 3NA</value>
          </Data>
          <Data name="Local Authority of site">
            <value>Hertfordshire</value>
          </Data>
        </ExtendedData>
      </Placemark>
      <Placemark>
        <name>TW Composting Limited</name>
        <address>NN17 3AS</address>
        <description><![CDATA[Site Name and or Address: Kirby Lodge Compost Site<br>Postcode: NN17 3AS<br>Local Authority of site: Northamptonshire]]></description>
        <styleUrl>#icon-1850-F9A825</styleUrl>
        <ExtendedData>
          <Data name="Site Name and or Address">
            <value>Kirby Lodge Compost Site</value>
          </Data>
          <Data name="Postcode">
            <value>NN17 3AS</value>
          </Data>
          <Data name="Local Authority of site">
            <value>Northamptonshire</value>
          </Data>
        </ExtendedData>
      </Placemark>
      <Placemark>
        <name><![CDATA[Crapper & Sons Landfill Limited]]></name>
        <address>SN4 8DW</address>
        <description><![CDATA[Site Name and or Address: Park Grounds Farm - EPR/CP3038CM<br>Postcode: SN4 8DW<br>Local Authority of site: Wiltshire]]></description>
        <styleUrl>#icon-1850-F9A825</styleUrl>
        <ExtendedData>
          <Data name="Site Name and or Address">
            <value>Park Grounds Farm - EPR/CP3038CM</value>
          </Data>
          <Data name="Postcode">
            <value>SN4 8DW</value>
          </Data>
          <Data name="Local Authority of site">
            <value>Wiltshire</value>
          </Data>
        </ExtendedData>
      </Placemark>
      <Placemark>
        <name>Island Waste Services Limited</name>
        <address>PO30 2PD</address>
        <description><![CDATA[Site Name and or Address: Lynnbottom Composting Facility EPR/AP3992HR<br>Postcode: PO30 2PD<br>Local Authority of site: Isle of Wight]]></description>
        <styleUrl>#icon-1850-F9A825</styleUrl>
        <ExtendedData>
          <Data name="Site Name and or Address">
            <value>Lynnbottom Composting Facility EPR/AP3992HR</value>
          </Data>
          <Data name="Postcode">
            <value>PO30 2PD</value>
          </Data>
          <Data name="Local Authority of site">
            <value>Isle of Wight</value>
          </Data>
        </ExtendedData>
      </Placemark>
      <Placemark>
        <name>Hodge ; Hodge ; Hodge ; Hodge </name>
        <address>SG9 0QD</address>
        <description><![CDATA[Site Name and or Address: Cumberlow Green Farm EPR/QP3097NT<br>Postcode: SG9 0QD<br>Local Authority of site: Hertfordshire]]></description>
        <styleUrl>#icon-1850-F9A825</styleUrl>
        <ExtendedData>
          <Data name="Site Name and or Address">
            <value>Cumberlow Green Farm EPR/QP3097NT</value>
          </Data>
          <Data name="Postcode">
            <value>SG9 0QD</value>
          </Data>
          <Data name="Local Authority of site">
            <value>Hertfordshire</value>
          </Data>
        </ExtendedData>
      </Placemark>
      <Placemark>
        <name>Ryedale Organics Limited</name>
        <address>YO42 4ST</address>
        <description><![CDATA[Site Name and or Address: Ryedale Farm Organics Recycling Facility EPR/DB3701LG<br>Postcode: YO42 4ST<br>Local Authority of site: Former Humberside]]></description>
        <styleUrl>#icon-1850-F9A825</styleUrl>
        <ExtendedData>
          <Data name="Site Name and or Address">
            <value>Ryedale Farm Organics Recycling Facility EPR/DB3701LG</value>
          </Data>
          <Data name="Postcode">
            <value>YO42 4ST</value>
          </Data>
          <Data name="Local Authority of site">
            <value>Former Humberside</value>
          </Data>
        </ExtendedData>
      </Placemark>
      <Placemark>
        <name>The Greener Gardening Company (Kirkby) Limited</name>
        <address>L33 3AN</address>
        <description><![CDATA[Site Name and or Address: Simonswood Moss EPR/CP3398SK<br>Postcode: L33 3AN<br>Local Authority of site: Lancashire]]></description>
        <styleUrl>#icon-1850-F9A825</styleUrl>
        <ExtendedData>
          <Data name="Site Name and or Address">
            <value>Simonswood Moss EPR/CP3398SK</value>
          </Data>
          <Data name="Postcode">
            <value>L33 3AN</value>
          </Data>
          <Data name="Local Authority of site">
            <value>Lancashire</value>
          </Data>
        </ExtendedData>
      </Placemark>
      <Placemark>
        <name>Resource Recycling Solutions Ltd</name>
        <address>PR3 6BP</address>
        <description><![CDATA[Site Name and or Address: Iron House Farm EPR/QB3036RB<br>Postcode: PR3 6BP<br>Local Authority of site: Lancashire]]></description>
        <styleUrl>#icon-1850-F9A825</styleUrl>
        <ExtendedData>
          <Data name="Site Name and or Address">
            <value>Iron House Farm EPR/QB3036RB</value>
          </Data>
          <Data name="Postcode">
            <value>PR3 6BP</value>
          </Data>
          <Data name="Local Authority of site">
            <value>Lancashire</value>
          </Data>
        </ExtendedData>
      </Placemark>
      <Placemark>
        <name>Hollybush Recycling Limited</name>
        <address>WV10 7LX</address>
        <description><![CDATA[Site Name and or Address: Hollybush Farm - EPR/DB3601HB<br>Postcode: WV10 7LX<br>Local Authority of site: Staffordshire]]></description>
        <styleUrl>#icon-1850-F9A825</styleUrl>
        <ExtendedData>
          <Data name="Site Name and or Address">
            <value>Hollybush Farm - EPR/DB3601HB</value>
          </Data>
          <Data name="Postcode">
            <value>WV10 7LX</value>
          </Data>
          <Data name="Local Authority of site">
            <value>Staffordshire</value>
          </Data>
        </ExtendedData>
      </Placemark>
      <Placemark>
        <name>Birch Airfield Composting Services Ltd</name>
        <address>CO5 9UH</address>
        <description><![CDATA[Site Name and or Address: Birch Airfield EPR/HP3294NJ<br>Postcode: CO5 9UH<br>Local Authority of site: Essex]]></description>
        <styleUrl>#icon-1850-F9A825</styleUrl>
        <ExtendedData>
          <Data name="Site Name and or Address">
            <value>Birch Airfield EPR/HP3294NJ</value>
          </Data>
          <Data name="Postcode">
            <value>CO5 9UH</value>
          </Data>
          <Data name="Local Authority of site">
            <value>Essex</value>
          </Data>
        </ExtendedData>
      </Placemark>
      <Placemark>
        <name>Envar Composting Limited</name>
        <address>PE28 3BS</address>
        <description><![CDATA[Site Name and or Address: Envar Composting Facility EPR/GP3930DF<br>Postcode: PE28 3BS<br>Local Authority of site: Cambridgeshire]]></description>
        <styleUrl>#icon-1850-F9A825</styleUrl>
        <ExtendedData>
          <Data name="Site Name and or Address">
            <value>Envar Composting Facility EPR/GP3930DF</value>
          </Data>
          <Data name="Postcode">
            <value>PE28 3BS</value>
          </Data>
          <Data name="Local Authority of site">
            <value>Cambridgeshire</value>
          </Data>
        </ExtendedData>
      </Placemark>
      <Placemark>
        <name>Coastal Recycling Services Limited</name>
        <address>EX38 7JA</address>
        <description><![CDATA[Site Name and or Address: Deepmoor Composting Facility  EPR/HP3034QE<br>Postcode: EX38 7JA<br>Local Authority of site: Devon]]></description>
        <styleUrl>#icon-1850-F9A825</styleUrl>
        <ExtendedData>
          <Data name="Site Name and or Address">
            <value>Deepmoor Composting Facility  EPR/HP3034QE</value>
          </Data>
          <Data name="Postcode">
            <value>EX38 7JA</value>
          </Data>
          <Data name="Local Authority of site">
            <value>Devon</value>
          </Data>
        </ExtendedData>
      </Placemark>
      <Placemark>
        <name>Hill</name>
        <address>SP6 3NT</address>
        <description><![CDATA[Site Name and or Address: Newbourne Farm Composting Facility EPR/QP3090VL<br>Postcode: SP6 3NT<br>Local Authority of site: Hampshire]]></description>
        <styleUrl>#icon-1850-F9A825</styleUrl>
        <ExtendedData>
          <Data name="Site Name and or Address">
            <value>Newbourne Farm Composting Facility EPR/QP3090VL</value>
          </Data>
          <Data name="Postcode">
            <value>SP6 3NT</value>
          </Data>
          <Data name="Local Authority of site">
            <value>Hampshire</value>
          </Data>
        </ExtendedData>
      </Placemark>
      <Placemark>
        <name>Veolia ES Hampshire Limited</name>
        <address>RG25 2NS</address>
        <description><![CDATA[Site Name and or Address: Little Bushy Warren Composting Facility EPR/JP3795HX<br>Postcode: RG25 2NS<br>Local Authority of site: Hampshire]]></description>
        <styleUrl>#icon-1850-F9A825</styleUrl>
        <ExtendedData>
          <Data name="Site Name and or Address">
            <value>Little Bushy Warren Composting Facility EPR/JP3795HX</value>
          </Data>
          <Data name="Postcode">
            <value>RG25 2NS</value>
          </Data>
          <Data name="Local Authority of site">
            <value>Hampshire</value>
          </Data>
        </ExtendedData>
      </Placemark>
      <Placemark>
        <name>Hope Farm Limited</name>
        <address>CT18 7EG</address>
        <description><![CDATA[Site Name and or Address: Hope Farm Composting Facility  EPR/EB3805UL<br>Postcode: CT18 7EG<br>Local Authority of site: Kent]]></description>
        <styleUrl>#icon-1850-F9A825</styleUrl>
        <ExtendedData>
          <Data name="Site Name and or Address">
            <value>Hope Farm Composting Facility  EPR/EB3805UL</value>
          </Data>
          <Data name="Postcode">
            <value>CT18 7EG</value>
          </Data>
          <Data name="Local Authority of site">
            <value>Kent</value>
          </Data>
        </ExtendedData>
      </Placemark>
      <Placemark>
        <name>Yorwaste Limited</name>
        <address>YO23 3RR</address>
        <description><![CDATA[Site Name and or Address: Harewood Whin Composting Facility EPR/LP3990NK<br>Postcode: YO23 3RR<br>Local Authority of site: North Yorkshire]]></description>
        <styleUrl>#icon-1850-F9A825</styleUrl>
        <ExtendedData>
          <Data name="Site Name and or Address">
            <value>Harewood Whin Composting Facility EPR/LP3990NK</value>
          </Data>
          <Data name="Postcode">
            <value>YO23 3RR</value>
          </Data>
          <Data name="Local Authority of site">
            <value>North Yorkshire</value>
          </Data>
        </ExtendedData>
      </Placemark>
      <Placemark>
        <name>Hills Waste Solutions Limited</name>
        <address>SN5 4HG</address>
        <description><![CDATA[Site Name and or Address: Parkgate Farm Composting Facility EPR/AP3196EK<br>Postcode: SN5 4HG<br>Local Authority of site: Wiltshire]]></description>
        <styleUrl>#icon-1850-F9A825</styleUrl>
        <ExtendedData>
          <Data name="Site Name and or Address">
            <value>Parkgate Farm Composting Facility EPR/AP3196EK</value>
          </Data>
          <Data name="Postcode">
            <value>SN5 4HG</value>
          </Data>
          <Data name="Local Authority of site">
            <value>Wiltshire</value>
          </Data>
        </ExtendedData>
      </Placemark>
      <Placemark>
        <name>The Beddingham Compost Company Ltd</name>
        <address>BN8 6JX</address>
        <description><![CDATA[Site Name and or Address: Beddingham Recycling Facility EPR/JP3032WR<br>Postcode: BN8 6JX<br>Local Authority of site: East Sussex]]></description>
        <styleUrl>#icon-1850-F9A825</styleUrl>
        <ExtendedData>
          <Data name="Site Name and or Address">
            <value>Beddingham Recycling Facility EPR/JP3032WR</value>
          </Data>
          <Data name="Postcode">
            <value>BN8 6JX</value>
          </Data>
          <Data name="Local Authority of site">
            <value>East Sussex</value>
          </Data>
        </ExtendedData>
      </Placemark>
      <Placemark>
        <name>Lodgewood Recycling Limited</name>
        <address>TF2 9PD</address>
        <description><![CDATA[Site Name and or Address: Lodgewood Farm EPR/BB3907UX <br>Postcode: TF2 9PD<br>Local Authority of site: Shropshire]]></description>
        <styleUrl>#icon-1850-F9A825</styleUrl>
        <ExtendedData>
          <Data name="Site Name and or Address">
            <value>Lodgewood Farm EPR/BB3907UX </value>
          </Data>
          <Data name="Postcode">
            <value>TF2 9PD</value>
          </Data>
          <Data name="Local Authority of site">
            <value>Shropshire</value>
          </Data>
        </ExtendedData>
      </Placemark>
      <Placemark>
        <name>Greenworld Sales Limited</name>
        <address>PE30 2HY</address>
        <description><![CDATA[Site Name and or Address: Estuary Farm Recycling Facility - EPR/HP3096NJ<br>Postcode: PE30 2HY<br>Local Authority of site: Norfolk]]></description>
        <styleUrl>#icon-1850-F9A825</styleUrl>
        <ExtendedData>
          <Data name="Site Name and or Address">
            <value>Estuary Farm Recycling Facility - EPR/HP3096NJ</value>
          </Data>
          <Data name="Postcode">
            <value>PE30 2HY</value>
          </Data>
          <Data name="Local Authority of site">
            <value>Norfolk</value>
          </Data>
        </ExtendedData>
      </Placemark>
      <Placemark>
        <name>K P S Composting Services Ltd</name>
        <address>TN22 5JJ</address>
        <description><![CDATA[Site Name and or Address: Isfield Composting Site EPR/EP3595HY<br>Postcode: TN22 5JJ<br>Local Authority of site: East Sussex]]></description>
        <styleUrl>#icon-1850-F9A825</styleUrl>
        <ExtendedData>
          <Data name="Site Name and or Address">
            <value>Isfield Composting Site EPR/EP3595HY</value>
          </Data>
          <Data name="Postcode">
            <value>TN22 5JJ</value>
          </Data>
          <Data name="Local Authority of site">
            <value>East Sussex</value>
          </Data>
        </ExtendedData>
      </Placemark>
      <Placemark>
        <name>Vital Earth GB Ltd</name>
        <address>DE6 1HA</address>
        <description><![CDATA[Site Name and or Address: Land at Blenheim Road EPR/RP3792FX<br>Postcode: DE6 1HA<br>Local Authority of site: Derbyshire]]></description>
        <styleUrl>#icon-1850-F9A825</styleUrl>
        <ExtendedData>
          <Data name="Site Name and or Address">
            <value>Land at Blenheim Road EPR/RP3792FX</value>
          </Data>
          <Data name="Postcode">
            <value>DE6 1HA</value>
          </Data>
          <Data name="Local Authority of site">
            <value>Derbyshire</value>
          </Data>
        </ExtendedData>
      </Placemark>
      <Placemark>
        <name>Highfield Environmental Limited</name>
        <address>TS23 4HS</address>
        <description><![CDATA[Site Name and or Address: Cowpen Bewley Open Windrow Composting Facility - EPR/EB3707CF<br>Postcode: TS23 4HS<br>Local Authority of site: Tees Valley Unitary Authorities]]></description>
        <styleUrl>#icon-1850-F9A825</styleUrl>
        <ExtendedData>
          <Data name="Site Name and or Address">
            <value>Cowpen Bewley Open Windrow Composting Facility - EPR/EB3707CF</value>
          </Data>
          <Data name="Postcode">
            <value>TS23 4HS</value>
          </Data>
          <Data name="Local Authority of site">
            <value>Tees Valley Unitary Authorities</value>
          </Data>
        </ExtendedData>
      </Placemark>
      <Placemark>
        <name>AmeyCespa (East) Limited</name>
        <address>CB25 9PG</address>
        <description><![CDATA[Site Name and or Address: Waterbeach Waste Management Park EPR/LP3593LM<br>Postcode: CB25 9PG<br>Local Authority of site: Cambridgeshire]]></description>
        <styleUrl>#icon-1850-F9A825</styleUrl>
        <ExtendedData>
          <Data name="Site Name and or Address">
            <value>Waterbeach Waste Management Park EPR/LP3593LM</value>
          </Data>
          <Data name="Postcode">
            <value>CB25 9PG</value>
          </Data>
          <Data name="Local Authority of site">
            <value>Cambridgeshire</value>
          </Data>
        </ExtendedData>
      </Placemark>
      <Placemark>
        <name>Severn Trent Green Power Group Limited</name>
        <address>OX7 5TH</address>
        <description><![CDATA[Site Name and or Address: Showell Farm Composting Site - EPR/LP3234QQ<br>Postcode: OX7 5TH<br>Local Authority of site: Oxfordshire]]></description>
        <styleUrl>#icon-1850-F9A825</styleUrl>
        <ExtendedData>
          <Data name="Site Name and or Address">
            <value>Showell Farm Composting Site - EPR/LP3234QQ</value>
          </Data>
          <Data name="Postcode">
            <value>OX7 5TH</value>
          </Data>
          <Data name="Local Authority of site">
            <value>Oxfordshire</value>
          </Data>
        </ExtendedData>
      </Placemark>
      <Placemark>
        <name>M F BENNION (POTATOES) Ltd</name>
        <address>GL18 2EF</address>
        <description><![CDATA[Site Name and or Address: Rose Hill Farm AD EPR/LP3532AT<br>Postcode: GL18 2EF<br>Local Authority of site: Gloucestershire]]></description>
        <styleUrl>#icon-1850-F9A825</styleUrl>
        <ExtendedData>
          <Data name="Site Name and or Address">
            <value>Rose Hill Farm AD EPR/LP3532AT</value>
          </Data>
          <Data name="Postcode">
            <value>GL18 2EF</value>
          </Data>
          <Data name="Local Authority of site">
            <value>Gloucestershire</value>
          </Data>
        </ExtendedData>
      </Placemark>
      <Placemark>
        <name>Severn Trent Green Power Group Limited</name>
        <address>OX10 6XL</address>
        <description><![CDATA[Site Name and or Address: Wallingford Composting Site - EPR/LP3534QU<br>Postcode: OX10 6XL<br>Local Authority of site: Oxfordshire]]></description>
        <styleUrl>#icon-1850-F9A825</styleUrl>
        <ExtendedData>
          <Data name="Site Name and or Address">
            <value>Wallingford Composting Site - EPR/LP3534QU</value>
          </Data>
          <Data name="Postcode">
            <value>OX10 6XL</value>
          </Data>
          <Data name="Local Authority of site">
            <value>Oxfordshire</value>
          </Data>
        </ExtendedData>
      </Placemark>
      <Placemark>
        <name>Mick George Limited</name>
        <address>NN14 1RS</address>
        <description><![CDATA[Site Name and or Address: Rushton Waste Transfer Station EPR/CP3995SN<br>Postcode: NN14 1RS<br>Local Authority of site: Northamptonshire]]></description>
        <styleUrl>#icon-1850-F9A825</styleUrl>
        <ExtendedData>
          <Data name="Site Name and or Address">
            <value>Rushton Waste Transfer Station EPR/CP3995SN</value>
          </Data>
          <Data name="Postcode">
            <value>NN14 1RS</value>
          </Data>
          <Data name="Local Authority of site">
            <value>Northamptonshire</value>
          </Data>
        </ExtendedData>
      </Placemark>
      <Placemark>
        <name>SED Services Ltd</name>
        <address>L38 5DA</address>
        <description><![CDATA[Site Name and or Address: Hightown Compost Site - EPR/MP3135DF<br>Postcode: L38 5DA<br>Local Authority of site: Merseyside]]></description>
        <styleUrl>#icon-1850-F9A825</styleUrl>
        <ExtendedData>
          <Data name="Site Name and or Address">
            <value>Hightown Compost Site - EPR/MP3135DF</value>
          </Data>
          <Data name="Postcode">
            <value>L38 5DA</value>
          </Data>
          <Data name="Local Authority of site">
            <value>Merseyside</value>
          </Data>
        </ExtendedData>
      </Placemark>
      <Placemark>
        <name>FCC Recycling (UK) Ltd</name>
        <address>OX14 4PW</address>
        <description><![CDATA[Site Name and or Address: Sutton Courtenay Composting Facility - EPR/MP3232WS<br>Postcode: OX14 4PW<br>Local Authority of site: Oxfordshire]]></description>
        <styleUrl>#icon-1850-F9A825</styleUrl>
        <ExtendedData>
          <Data name="Site Name and or Address">
            <value>Sutton Courtenay Composting Facility - EPR/MP3232WS</value>
          </Data>
          <Data name="Postcode">
            <value>OX14 4PW</value>
          </Data>
          <Data name="Local Authority of site">
            <value>Oxfordshire</value>
          </Data>
        </ExtendedData>
      </Placemark>
      <Placemark>
        <name>Anti-Waste Ltd</name>
        <address>IP28 8LG</address>
        <description><![CDATA[Site Name and or Address: Red Lodge Compost Facility EPR/MP3937RY<br>Postcode: IP28 8LG<br>Local Authority of site: Suffolk]]></description>
        <styleUrl>#icon-1850-F9A825</styleUrl>
        <ExtendedData>
          <Data name="Site Name and or Address">
            <value>Red Lodge Compost Facility EPR/MP3937RY</value>
          </Data>
          <Data name="Postcode">
            <value>IP28 8LG</value>
          </Data>
          <Data name="Local Authority of site">
            <value>Suffolk</value>
          </Data>
        </ExtendedData>
      </Placemark>
      <Placemark>
        <name>Viridor Waste (Somerset) Limited</name>
        <address>BA7 7NR</address>
        <description><![CDATA[Site Name and or Address: Dimmer Recovery Facility EPR/NP3332WU<br>Postcode: BA7 7NR<br>Local Authority of site: Somerset]]></description>
        <styleUrl>#icon-1850-F9A825</styleUrl>
        <ExtendedData>
          <Data name="Site Name and or Address">
            <value>Dimmer Recovery Facility EPR/NP3332WU</value>
          </Data>
          <Data name="Postcode">
            <value>BA7 7NR</value>
          </Data>
          <Data name="Local Authority of site">
            <value>Somerset</value>
          </Data>
        </ExtendedData>
      </Placemark>
      <Placemark>
        <name>Inztec Composting Limited</name>
        <address>YO43 4EB</address>
        <description><![CDATA[Site Name and or Address: Ducknest Farm CF EPR/NP3335EW<br>Postcode: YO43 4EB<br>Local Authority of site: Former Humberside]]></description>
        <styleUrl>#icon-1850-F9A825</styleUrl>
        <ExtendedData>
          <Data name="Site Name and or Address">
            <value>Ducknest Farm CF EPR/NP3335EW</value>
          </Data>
          <Data name="Postcode">
            <value>YO43 4EB</value>
          </Data>
          <Data name="Local Authority of site">
            <value>Former Humberside</value>
          </Data>
        </ExtendedData>
      </Placemark>
      <Placemark>
        <name><![CDATA[ Biogas & Recycling Facility EPR/AP3193SV]]></name>
        <address>SY5 9NQ</address>
        <description><![CDATA[Site Name and or Address: Agripost Composting<br>Postcode: SY5 9NQ<br>Local Authority of site: Shropshire]]></description>
        <styleUrl>#icon-1850-F9A825</styleUrl>
        <ExtendedData>
          <Data name="Site Name and or Address">
            <value>Agripost Composting</value>
          </Data>
          <Data name="Postcode">
            <value>SY5 9NQ</value>
          </Data>
          <Data name="Local Authority of site">
            <value>Shropshire</value>
          </Data>
        </ExtendedData>
      </Placemark>
      <Placemark>
        <name>S.E.D. Services Limited</name>
        <address>WN4 0EJ</address>
        <description><![CDATA[Site Name and or Address: Bryn Hall Farm  EPR/MP3093VU<br>Postcode: WN4 0EJ<br>Local Authority of site: Greater Manchester]]></description>
        <styleUrl>#icon-1850-F9A825</styleUrl>
        <ExtendedData>
          <Data name="Site Name and or Address">
            <value>Bryn Hall Farm  EPR/MP3093VU</value>
          </Data>
          <Data name="Postcode">
            <value>WN4 0EJ</value>
          </Data>
          <Data name="Local Authority of site">
            <value>Greater Manchester</value>
          </Data>
        </ExtendedData>
      </Placemark>
      <Placemark>
        <name>WGR Limited</name>
        <address>CW5 7PN</address>
        <description><![CDATA[Site Name and or Address: Whittakers Green Farm EPR/PP3130AB<br>Postcode: CW5 7PN<br>Local Authority of site: Cheshire]]></description>
        <styleUrl>#icon-1850-F9A825</styleUrl>
        <ExtendedData>
          <Data name="Site Name and or Address">
            <value>Whittakers Green Farm EPR/PP3130AB</value>
          </Data>
          <Data name="Postcode">
            <value>CW5 7PN</value>
          </Data>
          <Data name="Local Authority of site">
            <value>Cheshire</value>
          </Data>
        </ExtendedData>
      </Placemark>
      <Placemark>
        <name>Greencomp Limited</name>
        <address>NR18 9RL</address>
        <description><![CDATA[Site Name and or Address: Old Hethel Airfield EPR/PP3135JD<br>Postcode: NR18 9RL<br>Local Authority of site: Norfolk]]></description>
        <styleUrl>#icon-1850-F9A825</styleUrl>
        <ExtendedData>
          <Data name="Site Name and or Address">
            <value>Old Hethel Airfield EPR/PP3135JD</value>
          </Data>
          <Data name="Postcode">
            <value>NR18 9RL</value>
          </Data>
          <Data name="Local Authority of site">
            <value>Norfolk</value>
          </Data>
        </ExtendedData>
      </Placemark>
      <Placemark>
        <name>Ainsworth; Ainsworth</name>
        <address>ST21 6JU</address>
        <description><![CDATA[Site Name and or Address: Mill Farm EPR/PP3432DN<br>Postcode: ST21 6JU<br>Local Authority of site: Staffordshire]]></description>
        <styleUrl>#icon-1850-F9A825</styleUrl>
        <ExtendedData>
          <Data name="Site Name and or Address">
            <value>Mill Farm EPR/PP3432DN</value>
          </Data>
          <Data name="Postcode">
            <value>ST21 6JU</value>
          </Data>
          <Data name="Local Authority of site">
            <value>Staffordshire</value>
          </Data>
        </ExtendedData>
      </Placemark>
      <Placemark>
        <name>A Broster Limited</name>
        <address>WA3 4BD</address>
        <description><![CDATA[Site Name and or Address: Diggle Green Farm Composting Facility EPR/QP3995VG<br>Postcode: WA3 4BD<br>Local Authority of site: Cheshire]]></description>
        <styleUrl>#icon-1850-F9A825</styleUrl>
        <ExtendedData>
          <Data name="Site Name and or Address">
            <value>Diggle Green Farm Composting Facility EPR/QP3995VG</value>
          </Data>
          <Data name="Postcode">
            <value>WA3 4BD</value>
          </Data>
          <Data name="Local Authority of site">
            <value>Cheshire</value>
          </Data>
        </ExtendedData>
      </Placemark>
      <Placemark>
        <name>Norse Environmental Waste Services Limited</name>
        <address>NR10 5QQ</address>
        <description><![CDATA[Site Name and or Address: Marsham Composting Facility EPR/QP3834RW<br>Postcode: NR10 5QQ<br>Local Authority of site: Norfolk]]></description>
        <styleUrl>#icon-1850-F9A825</styleUrl>
        <ExtendedData>
          <Data name="Site Name and or Address">
            <value>Marsham Composting Facility EPR/QP3834RW</value>
          </Data>
          <Data name="Postcode">
            <value>NR10 5QQ</value>
          </Data>
          <Data name="Local Authority of site">
            <value>Norfolk</value>
          </Data>
        </ExtendedData>
      </Placemark>
      <Placemark>
        <name>Tamar Recycling (Suffolk) Limited</name>
        <address>SG19 2JW</address>
        <description><![CDATA[Site Name and or Address: Tempsford Composting Facility EPR/BB3432AW<br>Postcode: SG19 2JW<br>Local Authority of site: Bedfordshire]]></description>
        <styleUrl>#icon-1850-F9A825</styleUrl>
        <ExtendedData>
          <Data name="Site Name and or Address">
            <value>Tempsford Composting Facility EPR/BB3432AW</value>
          </Data>
          <Data name="Postcode">
            <value>SG19 2JW</value>
          </Data>
          <Data name="Local Authority of site">
            <value>Bedfordshire</value>
          </Data>
        </ExtendedData>
      </Placemark>
      <Placemark>
        <name>TJ Composting Services Limited</name>
        <address>CM16 6RZ</address>
        <description><![CDATA[Site Name and or Address: Ongar Recycling Facility EPR/LP3098EY<br>Postcode: CM16 6RZ<br>Local Authority of site: Essex]]></description>
        <styleUrl>#icon-1850-F9A825</styleUrl>
        <ExtendedData>
          <Data name="Site Name and or Address">
            <value>Ongar Recycling Facility EPR/LP3098EY</value>
          </Data>
          <Data name="Postcode">
            <value>CM16 6RZ</value>
          </Data>
          <Data name="Local Authority of site">
            <value>Essex</value>
          </Data>
        </ExtendedData>
      </Placemark>
      <Placemark>
        <name>SUEZ Recycling and Recovery UK Ltd</name>
        <address>CV7 7HN</address>
        <description><![CDATA[Site Name and or Address: Packington Composting Facility EPR/DP3892SG<br>Postcode: CV7 7HN<br>Local Authority of site: Warwickshire]]></description>
        <styleUrl>#icon-1850-F9A825</styleUrl>
        <ExtendedData>
          <Data name="Site Name and or Address">
            <value>Packington Composting Facility EPR/DP3892SG</value>
          </Data>
          <Data name="Postcode">
            <value>CV7 7HN</value>
          </Data>
          <Data name="Local Authority of site">
            <value>Warwickshire</value>
          </Data>
        </ExtendedData>
      </Placemark>
      <Placemark>
        <name>Material Change Limited</name>
        <address>PE6 0LX</address>
        <description><![CDATA[Site Name and or Address: Decoy Farm Composting Site EPR/RP3532JP<br>Postcode: PE6 0LX<br>Local Authority of site: Lincolnshire]]></description>
        <styleUrl>#icon-1850-F9A825</styleUrl>
        <ExtendedData>
          <Data name="Site Name and or Address">
            <value>Decoy Farm Composting Site EPR/RP3532JP</value>
          </Data>
          <Data name="Postcode">
            <value>PE6 0LX</value>
          </Data>
          <Data name="Local Authority of site">
            <value>Lincolnshire</value>
          </Data>
        </ExtendedData>
      </Placemark>
      <Placemark>
        <name>TJ Composting Services Limited</name>
        <address>BR8 7QP</address>
        <description><![CDATA[Site Name and or Address: Swanley Recycling Centre  EPR/ZP3995HS<br>Postcode: BR8 7QP<br>Local Authority of site: South London]]></description>
        <styleUrl>#icon-1850-F9A825</styleUrl>
        <ExtendedData>
          <Data name="Site Name and or Address">
            <value>Swanley Recycling Centre  EPR/ZP3995HS</value>
          </Data>
          <Data name="Postcode">
            <value>BR8 7QP</value>
          </Data>
          <Data name="Local Authority of site">
            <value>South London</value>
          </Data>
        </ExtendedData>
      </Placemark>
      <Placemark>
        <name>SUEZ Recycling and Recovery UK Ltd</name>
        <address>BL5 1DG</address>
        <description><![CDATA[Site Name and or Address: Over Hulton in Vessel Composting EPR/AP3592EK <br>Postcode: BL5 1DG<br>Local Authority of site: Greater Manchester]]></description>
        <styleUrl>#icon-1850-F9A825</styleUrl>
        <ExtendedData>
          <Data name="Site Name and or Address">
            <value>Over Hulton in Vessel Composting EPR/AP3592EK </value>
          </Data>
          <Data name="Postcode">
            <value>BL5 1DG</value>
          </Data>
          <Data name="Local Authority of site">
            <value>Greater Manchester</value>
          </Data>
        </ExtendedData>
      </Placemark>
      <Placemark>
        <name>Langmead Farms Limited</name>
        <address>PO20 1NW</address>
        <description><![CDATA[Site Name and or Address: Walnut Tree Composting Facility EPR/EP3695HQ<br>Postcode: PO20 1NW<br>Local Authority of site: West Sussex]]></description>
        <styleUrl>#icon-1850-F9A825</styleUrl>
        <ExtendedData>
          <Data name="Site Name and or Address">
            <value>Walnut Tree Composting Facility EPR/EP3695HQ</value>
          </Data>
          <Data name="Postcode">
            <value>PO20 1NW</value>
          </Data>
          <Data name="Local Authority of site">
            <value>West Sussex</value>
          </Data>
        </ExtendedData>
      </Placemark>
      <Placemark>
        <name>H S F Recycling Ltd</name>
        <address>ST7 3SU</address>
        <description><![CDATA[Site Name and or Address: Higher Smallwood Farm EPR/TP3235AW<br>Postcode: ST7 3SU<br>Local Authority of site: Cheshire]]></description>
        <styleUrl>#icon-1850-F9A825</styleUrl>
        <ExtendedData>
          <Data name="Site Name and or Address">
            <value>Higher Smallwood Farm EPR/TP3235AW</value>
          </Data>
          <Data name="Postcode">
            <value>ST7 3SU</value>
          </Data>
          <Data name="Local Authority of site">
            <value>Cheshire</value>
          </Data>
        </ExtendedData>
      </Placemark>
      <Placemark>
        <name>SUEZ Recycling and Recovery UK Ltd</name>
        <address>M17 1SS</address>
        <description><![CDATA[Site Name and or Address: Trafford Road In Vessel Composting EPR/CP3697EJ<br>Postcode: M17 1SS<br>Local Authority of site: Greater Manchester]]></description>
        <styleUrl>#icon-1850-F9A825</styleUrl>
        <ExtendedData>
          <Data name="Site Name and or Address">
            <value>Trafford Road In Vessel Composting EPR/CP3697EJ</value>
          </Data>
          <Data name="Postcode">
            <value>M17 1SS</value>
          </Data>
          <Data name="Local Authority of site">
            <value>Greater Manchester</value>
          </Data>
        </ExtendedData>
      </Placemark>
      <Placemark>
        <name>Ryman; Ryman</name>
        <address>WS14 0AH</address>
        <description><![CDATA[Site Name and or Address: Greener Composting EPR/TP3437ZS<br>Postcode: WS14 0AH<br>Local Authority of site: Staffordshire]]></description>
        <styleUrl>#icon-1850-F9A825</styleUrl>
        <ExtendedData>
          <Data name="Site Name and or Address">
            <value>Greener Composting EPR/TP3437ZS</value>
          </Data>
          <Data name="Postcode">
            <value>WS14 0AH</value>
          </Data>
          <Data name="Local Authority of site">
            <value>Staffordshire</value>
          </Data>
        </ExtendedData>
      </Placemark>
      <Placemark>
        <name>A.W. Jenkinson Woodwaste Limited</name>
        <address>CA6 4BJ</address>
        <description><![CDATA[Site Name and or Address: Hespin Wood EPR/YP3393ZL<br>Postcode: CA6 4BJ<br>Local Authority of site: Cumbria]]></description>
        <styleUrl>#icon-1850-F9A825</styleUrl>
        <ExtendedData>
          <Data name="Site Name and or Address">
            <value>Hespin Wood EPR/YP3393ZL</value>
          </Data>
          <Data name="Postcode">
            <value>CA6 4BJ</value>
          </Data>
          <Data name="Local Authority of site">
            <value>Cumbria</value>
          </Data>
        </ExtendedData>
      </Placemark>
      <Placemark>
        <name>The Greener Gardening Company (Kirkby) Limited</name>
        <address>L38 1QA</address>
        <description><![CDATA[Site Name and or Address: North End Farm -EPR/BB3004XT<br>Postcode: L38 1QA<br>Local Authority of site: Merseyside]]></description>
        <styleUrl>#icon-1850-F9A825</styleUrl>
        <ExtendedData>
          <Data name="Site Name and or Address">
            <value>North End Farm -EPR/BB3004XT</value>
          </Data>
          <Data name="Postcode">
            <value>L38 1QA</value>
          </Data>
          <Data name="Local Authority of site">
            <value>Merseyside</value>
          </Data>
        </ExtendedData>
      </Placemark>
      <Placemark>
        <name>Troughton; Hodgetts</name>
        <address>WR8 9ES</address>
        <description><![CDATA[Site Name and or Address: Croome Composting EPR/UP3530NL<br>Postcode: WR8 9ES<br>Local Authority of site: Worcestershire]]></description>
        <styleUrl>#icon-1850-F9A825</styleUrl>
        <ExtendedData>
          <Data name="Site Name and or Address">
            <value>Croome Composting EPR/UP3530NL</value>
          </Data>
          <Data name="Postcode">
            <value>WR8 9ES</value>
          </Data>
          <Data name="Local Authority of site">
            <value>Worcestershire</value>
          </Data>
        </ExtendedData>
      </Placemark>
      <Placemark>
        <name>Berkswell Recycling Limited</name>
        <address>CV7 7LH</address>
        <description><![CDATA[Site Name and or Address: Berkswell Quarry EPR/VP3032WG<br>Postcode: CV7 7LH<br>Local Authority of site: West Midlands Met Districts]]></description>
        <styleUrl>#icon-1850-F9A825</styleUrl>
        <ExtendedData>
          <Data name="Site Name and or Address">
            <value>Berkswell Quarry EPR/VP3032WG</value>
          </Data>
          <Data name="Postcode">
            <value>CV7 7LH</value>
          </Data>
          <Data name="Local Authority of site">
            <value>West Midlands Met Districts</value>
          </Data>
        </ExtendedData>
      </Placemark>
      <Placemark>
        <name>Veolia ES Landfill Ltd</name>
        <address>WV9 5AX</address>
        <description><![CDATA[Site Name and or Address: Coven Composting Facility EPR/VP3233DA<br>Postcode: WV9 5AX<br>Local Authority of site: Staffordshire]]></description>
        <styleUrl>#icon-1850-F9A825</styleUrl>
        <ExtendedData>
          <Data name="Site Name and or Address">
            <value>Coven Composting Facility EPR/VP3233DA</value>
          </Data>
          <Data name="Postcode">
            <value>WV9 5AX</value>
          </Data>
          <Data name="Local Authority of site">
            <value>Staffordshire</value>
          </Data>
        </ExtendedData>
      </Placemark>
      <Placemark>
        <name>Biffa Waste Services Limited</name>
        <address>CV33 9PP</address>
        <description><![CDATA[Site Name and or Address: Ufton Waste Treatment Facility - EPR/UP3598EV<br>Postcode: CV33 9PP<br>Local Authority of site: Warwickshire]]></description>
        <styleUrl>#icon-1850-F9A825</styleUrl>
        <ExtendedData>
          <Data name="Site Name and or Address">
            <value>Ufton Waste Treatment Facility - EPR/UP3598EV</value>
          </Data>
          <Data name="Postcode">
            <value>CV33 9PP</value>
          </Data>
          <Data name="Local Authority of site">
            <value>Warwickshire</value>
          </Data>
        </ExtendedData>
      </Placemark>
      <Placemark>
        <name>Biffa Waste Services Ltd</name>
        <address>DE65 6GX</address>
        <description><![CDATA[Site Name and or Address: Etwall in Vessel Composting Facility - EPR/VP3632WR<br>Postcode: DE65 6GX<br>Local Authority of site: Derbyshire]]></description>
        <styleUrl>#icon-1850-F9A825</styleUrl>
        <ExtendedData>
          <Data name="Site Name and or Address">
            <value>Etwall in Vessel Composting Facility - EPR/VP3632WR</value>
          </Data>
          <Data name="Postcode">
            <value>DE65 6GX</value>
          </Data>
          <Data name="Local Authority of site">
            <value>Derbyshire</value>
          </Data>
        </ExtendedData>
      </Placemark>
      <Placemark>
        <name>Allium Helmsley Ltd</name>
        <address>YO61 1TU</address>
        <description><![CDATA[Site Name and or Address: The Alne Material Recycling Facility EPR/WP3239JZ<br>Postcode: YO61 1TU<br>Local Authority of site: North Yorkshire]]></description>
        <styleUrl>#icon-1850-F9A825</styleUrl>
        <ExtendedData>
          <Data name="Site Name and or Address">
            <value>The Alne Material Recycling Facility EPR/WP3239JZ</value>
          </Data>
          <Data name="Postcode">
            <value>YO61 1TU</value>
          </Data>
          <Data name="Local Authority of site">
            <value>North Yorkshire</value>
          </Data>
        </ExtendedData>
      </Placemark>
      <Placemark>
        <name>Veolia ES Landfill Ltd</name>
        <address>TF2 9PA</address>
        <description><![CDATA[Site Name and or Address: Telford Composting Facility EPR/WP3634DU<br>Postcode: TF2 9PA<br>Local Authority of site: Shropshire]]></description>
        <styleUrl>#icon-1850-F9A825</styleUrl>
        <ExtendedData>
          <Data name="Site Name and or Address">
            <value>Telford Composting Facility EPR/WP3634DU</value>
          </Data>
          <Data name="Postcode">
            <value>TF2 9PA</value>
          </Data>
          <Data name="Local Authority of site">
            <value>Shropshire</value>
          </Data>
        </ExtendedData>
      </Placemark>
      <Placemark>
        <name>Tamar Composting (East Anglia) Limited</name>
        <address>IP13 9AF</address>
        <description><![CDATA[Site Name and or Address: Parham Recycling Centre EPR/BP3193VD<br>Postcode: IP13 9AF<br>Local Authority of site: Suffolk]]></description>
        <styleUrl>#icon-1850-F9A825</styleUrl>
        <ExtendedData>
          <Data name="Site Name and or Address">
            <value>Parham Recycling Centre EPR/BP3193VD</value>
          </Data>
          <Data name="Postcode">
            <value>IP13 9AF</value>
          </Data>
          <Data name="Local Authority of site">
            <value>Suffolk</value>
          </Data>
        </ExtendedData>
      </Placemark>
      <Placemark>
        <name>SUEZ Recycling and Recovery UK Ltd</name>
        <address>LE65 2SD</address>
        <description><![CDATA[Site Name and or Address: Lount Composting Facility EPR/XP3032WT<br>Postcode: LE65 2SD<br>Local Authority of site: Leicestershire]]></description>
        <styleUrl>#icon-1850-F9A825</styleUrl>
        <ExtendedData>
          <Data name="Site Name and or Address">
            <value>Lount Composting Facility EPR/XP3032WT</value>
          </Data>
          <Data name="Postcode">
            <value>LE65 2SD</value>
          </Data>
          <Data name="Local Authority of site">
            <value>Leicestershire</value>
          </Data>
        </ExtendedData>
      </Placemark>
      <Placemark>
        <name>Heyes; Heyes; Heyes</name>
        <address>WA11 7JE</address>
        <description><![CDATA[Site Name and or Address: Mossborough Hall Farm EPR/YP3332JL<br>Postcode: WA11 7JE<br>Local Authority of site: Merseyside]]></description>
        <styleUrl>#icon-1850-F9A825</styleUrl>
        <ExtendedData>
          <Data name="Site Name and or Address">
            <value>Mossborough Hall Farm EPR/YP3332JL</value>
          </Data>
          <Data name="Postcode">
            <value>WA11 7JE</value>
          </Data>
          <Data name="Local Authority of site">
            <value>Merseyside</value>
          </Data>
        </ExtendedData>
      </Placemark>
      <Placemark>
        <name>New Earth Solutions (Kent) Limited</name>
        <address>ME19 4PN</address>
        <description><![CDATA[Site Name and or Address: Blaise Farm Quarry Closed Vessel Composting  EPR/CP3298LQ<br>Postcode: ME19 4PN<br>Local Authority of site: Kent]]></description>
        <styleUrl>#icon-1850-F9A825</styleUrl>
        <ExtendedData>
          <Data name="Site Name and or Address">
            <value>Blaise Farm Quarry Closed Vessel Composting  EPR/CP3298LQ</value>
          </Data>
          <Data name="Postcode">
            <value>ME19 4PN</value>
          </Data>
          <Data name="Local Authority of site">
            <value>Kent</value>
          </Data>
        </ExtendedData>
      </Placemark>
      <Placemark>
        <name>T M A Bark Supplies Ltd</name>
        <address>NR9 5LG</address>
        <description><![CDATA[Site Name and or Address: Woodforde Farm EPR/YP3532WD<br>Postcode: NR9 5LG<br>Local Authority of site: Norfolk]]></description>
        <styleUrl>#icon-1850-F9A825</styleUrl>
        <ExtendedData>
          <Data name="Site Name and or Address">
            <value>Woodforde Farm EPR/YP3532WD</value>
          </Data>
          <Data name="Postcode">
            <value>NR9 5LG</value>
          </Data>
          <Data name="Local Authority of site">
            <value>Norfolk</value>
          </Data>
        </ExtendedData>
      </Placemark>
      <Placemark>
        <name>Thompson</name>
        <address>TS28 5NX</address>
        <description><![CDATA[Site Name and or Address: Murton Hall Farm EPR/YP3634WS<br>Postcode: TS28 5NX<br>Local Authority of site: County Durham]]></description>
        <styleUrl>#icon-1850-F9A825</styleUrl>
        <ExtendedData>
          <Data name="Site Name and or Address">
            <value>Murton Hall Farm EPR/YP3634WS</value>
          </Data>
          <Data name="Postcode">
            <value>TS28 5NX</value>
          </Data>
          <Data name="Local Authority of site">
            <value>County Durham</value>
          </Data>
        </ExtendedData>
      </Placemark>
      <Placemark>
        <name>Riverside Bio Limited </name>
        <address>CR4 4NA</address>
        <description><![CDATA[Site Name and or Address: Mitcham Waste Treatment Centre EPR/JB3737WE<br>Postcode: CR4 4NA<br>Local Authority of site: South London]]></description>
        <styleUrl>#icon-1850-F9A825</styleUrl>
        <ExtendedData>
          <Data name="Site Name and or Address">
            <value>Mitcham Waste Treatment Centre EPR/JB3737WE</value>
          </Data>
          <Data name="Postcode">
            <value>CR4 4NA</value>
          </Data>
          <Data name="Local Authority of site">
            <value>South London</value>
          </Data>
        </ExtendedData>
      </Placemark>
      <Placemark>
        <name>Biffa Waste Services Limited</name>
        <address>LS15 9AD</address>
        <description><![CDATA[Site Name and or Address: Skelton Grange Composting Facility  EPR/ZP3535AU<br>Postcode: LS15 9AD<br>Local Authority of site: West Yorkshire]]></description>
        <styleUrl>#icon-1850-F9A825</styleUrl>
        <ExtendedData>
          <Data name="Site Name and or Address">
            <value>Skelton Grange Composting Facility  EPR/ZP3535AU</value>
          </Data>
          <Data name="Postcode">
            <value>LS15 9AD</value>
          </Data>
          <Data name="Local Authority of site">
            <value>West Yorkshire</value>
          </Data>
        </ExtendedData>
      </Placemark>
    </Folder>
    <Folder>
      <name>Compost Certification Scheme certified (PAS100)</name>
      <Placemark>
        <name><![CDATA[A & E Thompson]]></name>
        <address>TS28 5NU</address>
        <description><![CDATA[Site name: Murton Hall Farm<br>County: Co Durham<br>Postcode: TS28 5NU]]></description>
        <styleUrl>#icon-1769-9C27B0</styleUrl>
        <ExtendedData>
          <Data name="Site name">
            <value>Murton Hall Farm</value>
          </Data>
          <Data name="County">
            <value>Co Durham</value>
          </Data>
          <Data name="Postcode">
            <value>TS28 5NU</value>
          </Data>
        </ExtendedData>
      </Placemark>
      <Placemark>
        <name><![CDATA[A & M Smith Skip Hire Ltd.]]></name>
        <address>AB12 4RX</address>
        <description><![CDATA[Site name: Bankhead Recyling and Waste Management Centre<br>County: Aberdeenshire<br>Postcode: AB12 4RX]]></description>
        <styleUrl>#icon-1769-9C27B0</styleUrl>
        <ExtendedData>
          <Data name="Site name">
            <value>Bankhead Recyling and Waste Management Centre</value>
          </Data>
          <Data name="County">
            <value>Aberdeenshire</value>
          </Data>
          <Data name="Postcode">
            <value>AB12 4RX</value>
          </Data>
        </ExtendedData>
      </Placemark>
      <Placemark>
        <name>A Broster Ltd</name>
        <address>WA3 4BD</address>
        <description><![CDATA[Site name: Diggle Green Farm<br>County: Cheshire<br>Postcode: WA3 4BD]]></description>
        <styleUrl>#icon-1769-9C27B0</styleUrl>
        <ExtendedData>
          <Data name="Site name">
            <value>Diggle Green Farm</value>
          </Data>
          <Data name="County">
            <value>Cheshire</value>
          </Data>
          <Data name="Postcode">
            <value>WA3 4BD</value>
          </Data>
        </ExtendedData>
      </Placemark>
      <Placemark>
        <name>A W Jenkinson Woodwaste Limited</name>
        <address>CA6 4BJ</address>
        <description><![CDATA[Site name: Hespin Wood Landfill Site	<br>County: Cumbria<br>Postcode: CA6 4BJ]]></description>
        <styleUrl>#icon-1769-9C27B0</styleUrl>
        <ExtendedData>
          <Data name="Site name">
            <value>Hespin Wood Landfill Site	</value>
          </Data>
          <Data name="County">
            <value>Cumbria</value>
          </Data>
          <Data name="Postcode">
            <value>CA6 4BJ</value>
          </Data>
        </ExtendedData>
      </Placemark>
      <Placemark>
        <name>A Willey T/A Greentech Recycling</name>
        <address>NE17 7AS</address>
        <description><![CDATA[Site name: Broomfield Farm<br>County: Tyne and Wear<br>Postcode: NE17 7AS]]></description>
        <styleUrl>#icon-1769-9C27B0</styleUrl>
        <ExtendedData>
          <Data name="Site name">
            <value>Broomfield Farm</value>
          </Data>
          <Data name="County">
            <value>Tyne and Wear</value>
          </Data>
          <Data name="Postcode">
            <value>NE17 7AS</value>
          </Data>
        </ExtendedData>
      </Placemark>
      <Placemark>
        <name>A.W.O Recycling Ltd</name>
        <address>PE26 2RU</address>
        <description><![CDATA[Site name: Bury Lane Farm<br>County: Cambridgeshire<br>Postcode: PE26 2RU]]></description>
        <styleUrl>#icon-1769-9C27B0</styleUrl>
        <ExtendedData>
          <Data name="Site name">
            <value>Bury Lane Farm</value>
          </Data>
          <Data name="County">
            <value>Cambridgeshire</value>
          </Data>
          <Data name="Postcode">
            <value>PE26 2RU</value>
          </Data>
        </ExtendedData>
      </Placemark>
      <Placemark>
        <name>Severn Trent Green Power Group Limited</name>
        <address>OX10 6SL</address>
        <description><![CDATA[Site name: Walllingford OWC<br>County: Oxfordshire<br>Postcode: OX10 6SL]]></description>
        <styleUrl>#icon-1769-9C27B0</styleUrl>
        <ExtendedData>
          <Data name="Site name">
            <value>Walllingford OWC</value>
          </Data>
          <Data name="County">
            <value>Oxfordshire</value>
          </Data>
          <Data name="Postcode">
            <value>OX10 6SL</value>
          </Data>
        </ExtendedData>
      </Placemark>
      <Placemark>
        <name>Severn Trent Green Power Group Limited</name>
        <address>OX7 5TH</address>
        <description><![CDATA[Site name: Showell OWC<br>County: Oxfordshire<br>Postcode: OX7 5TH]]></description>
        <styleUrl>#icon-1769-9C27B0</styleUrl>
        <ExtendedData>
          <Data name="Site name">
            <value>Showell OWC</value>
          </Data>
          <Data name="County">
            <value>Oxfordshire</value>
          </Data>
          <Data name="Postcode">
            <value>OX7 5TH</value>
          </Data>
        </ExtendedData>
      </Placemark>
      <Placemark>
        <name>Amey</name>
        <address>CB25 9PG</address>
        <description><![CDATA[Site name: Waterbeach IVC<br>County: Cambridgeshire<br>Postcode: CB25 9PG]]></description>
        <styleUrl>#icon-1769-9C27B0</styleUrl>
        <ExtendedData>
          <Data name="Site name">
            <value>Waterbeach IVC</value>
          </Data>
          <Data name="County">
            <value>Cambridgeshire</value>
          </Data>
          <Data name="Postcode">
            <value>CB25 9PG</value>
          </Data>
        </ExtendedData>
      </Placemark>
      <Placemark>
        <name>Andrew Cook</name>
        <address>KY1 4DN</address>
        <description><![CDATA[Site name: Andrew Cook<br>County: Fife<br>Postcode: KY1 4DN]]></description>
        <styleUrl>#icon-1769-9C27B0</styleUrl>
        <ExtendedData>
          <Data name="Site name">
            <value>Andrew Cook</value>
          </Data>
          <Data name="County">
            <value>Fife</value>
          </Data>
          <Data name="Postcode">
            <value>KY1 4DN</value>
          </Data>
        </ExtendedData>
      </Placemark>
      <Placemark>
        <name>Angus Council</name>
        <address>DD8 2SZ</address>
        <description><![CDATA[Site name: Restenneth Landfill & Composting Site<br>County: Angus<br>Postcode: DD8 2SZ]]></description>
        <styleUrl>#icon-1769-9C27B0</styleUrl>
        <ExtendedData>
          <Data name="Site name">
            <value><![CDATA[Restenneth Landfill & Composting Site]]></value>
          </Data>
          <Data name="County">
            <value>Angus</value>
          </Data>
          <Data name="Postcode">
            <value>DD8 2SZ</value>
          </Data>
        </ExtendedData>
      </Placemark>
      <Placemark>
        <name>BG Appleton</name>
        <address>CM9 8LS</address>
        <description><![CDATA[Site name: Loamy Lands<br>County: Essex<br>Postcode: CM9 8LS]]></description>
        <styleUrl>#icon-1769-9C27B0</styleUrl>
        <ExtendedData>
          <Data name="Site name">
            <value>Loamy Lands</value>
          </Data>
          <Data name="County">
            <value>Essex</value>
          </Data>
          <Data name="Postcode">
            <value>CM9 8LS</value>
          </Data>
        </ExtendedData>
      </Placemark>
      <Placemark>
        <name>Birch Airfield Composting Services Ltd</name>
        <address>CO5 9XE</address>
        <description><![CDATA[Site name: Birch Airfield Composting Services Ltd<br>County: Essex<br>Postcode: CO5 9XE]]></description>
        <styleUrl>#icon-1769-9C27B0</styleUrl>
        <ExtendedData>
          <Data name="Site name">
            <value>Birch Airfield Composting Services Ltd</value>
          </Data>
          <Data name="County">
            <value>Essex</value>
          </Data>
          <Data name="Postcode">
            <value>CO5 9XE</value>
          </Data>
        </ExtendedData>
      </Placemark>
      <Placemark>
        <name>Brier Hills Recycling Limited</name>
        <address>DN7 6HA</address>
        <description><![CDATA[Site name: Brier Hills Farm<br>County: Yorkshire<br>Postcode: DN7 6HA]]></description>
        <styleUrl>#icon-1769-9C27B0</styleUrl>
        <ExtendedData>
          <Data name="Site name">
            <value>Brier Hills Farm</value>
          </Data>
          <Data name="County">
            <value>Yorkshire</value>
          </Data>
          <Data name="Postcode">
            <value>DN7 6HA</value>
          </Data>
        </ExtendedData>
      </Placemark>
      <Placemark>
        <name>Bryn Compost Limited</name>
        <address>CF82 8FY</address>
        <description><![CDATA[Site name: Gelligiarwellt Farm<br>County: Glamorgan<br>Postcode: CF82 8FY]]></description>
        <styleUrl>#icon-1769-9C27B0</styleUrl>
        <ExtendedData>
          <Data name="Site name">
            <value>Gelligiarwellt Farm</value>
          </Data>
          <Data name="County">
            <value>Glamorgan</value>
          </Data>
          <Data name="Postcode">
            <value>CF82 8FY</value>
          </Data>
        </ExtendedData>
      </Placemark>
      <Placemark>
        <name>Clarkeson Recycling Ltd</name>
        <address>DN37 8NQ</address>
        <description><![CDATA[Site name: Old Pea Vining Station<br>County: Lincolnshire<br>Postcode: DN37 8NQ]]></description>
        <styleUrl>#icon-1769-9C27B0</styleUrl>
        <ExtendedData>
          <Data name="Site name">
            <value>Old Pea Vining Station</value>
          </Data>
          <Data name="County">
            <value>Lincolnshire</value>
          </Data>
          <Data name="Postcode">
            <value>DN37 8NQ</value>
          </Data>
        </ExtendedData>
      </Placemark>
      <Placemark>
        <name>Causeway Coast and Glens Borough Council</name>
        <address>BT51 4PP</address>
        <description><![CDATA[Site name: Causeway Coast and Glens Borough Council<br>County: Co Londonderry<br>Postcode: BT51 4PP]]></description>
        <styleUrl>#icon-1769-9C27B0</styleUrl>
        <ExtendedData>
          <Data name="Site name">
            <value>Causeway Coast and Glens Borough Council</value>
          </Data>
          <Data name="County">
            <value>Co Londonderry</value>
          </Data>
          <Data name="Postcode">
            <value>BT51 4PP</value>
          </Data>
        </ExtendedData>
      </Placemark>
      <Placemark>
        <name>Enovert South Ltd</name>
        <address>GL52 4RF</address>
        <description><![CDATA[Site name: Wingmoor Landfill Site<br>County: Gloucestershire<br>Postcode: GL52 4RF]]></description>
        <styleUrl>#icon-1769-9C27B0</styleUrl>
        <ExtendedData>
          <Data name="Site name">
            <value>Wingmoor Landfill Site</value>
          </Data>
          <Data name="County">
            <value>Gloucestershire</value>
          </Data>
          <Data name="Postcode">
            <value>GL52 4RF</value>
          </Data>
        </ExtendedData>
      </Placemark>
      <Placemark>
        <name>Crapper and Sons Landfill Ltd</name>
        <address>SN4 8DW</address>
        <description><![CDATA[Site name: Crapper and Sons Landfill Ltd<br>County: Swindon<br>Postcode: SN4 8DW]]></description>
        <styleUrl>#icon-1769-9C27B0</styleUrl>
        <ExtendedData>
          <Data name="Site name">
            <value>Crapper and Sons Landfill Ltd</value>
          </Data>
          <Data name="County">
            <value>Swindon</value>
          </Data>
          <Data name="Postcode">
            <value>SN4 8DW</value>
          </Data>
        </ExtendedData>
      </Placemark>
      <Placemark>
        <name>CRJ Services </name>
        <address>Sandbatch</address>
        <description><![CDATA[Site name: Field Farm Compost Facility<br>County: Elton<br>Postcode:  Sandbatch]]></description>
        <styleUrl>#icon-1769-9C27B0</styleUrl>
        <ExtendedData>
          <Data name="Site name">
            <value>Field Farm Compost Facility</value>
          </Data>
          <Data name="County">
            <value>Elton</value>
          </Data>
          <Data name="Postcode">
            <value> Sandbatch</value>
          </Data>
        </ExtendedData>
      </Placemark>
      <Placemark>
        <name><![CDATA[D & A Scrivens and Sons]]></name>
        <address>PR4 2RE</address>
        <description><![CDATA[Site name: Tarnbrick Farm<br>County: Lancashire<br>Postcode: PR4 2RE]]></description>
        <styleUrl>#icon-1769-9C27B0</styleUrl>
        <ExtendedData>
          <Data name="Site name">
            <value>Tarnbrick Farm</value>
          </Data>
          <Data name="County">
            <value>Lancashire</value>
          </Data>
          <Data name="Postcode">
            <value>PR4 2RE</value>
          </Data>
        </ExtendedData>
      </Placemark>
      <Placemark>
        <name><![CDATA[DJ & SJ Recycling]]></name>
        <address>NE46 6HF</address>
        <description><![CDATA[Site name: Codlaw Hill<br>County: Northumberland<br>Postcode: NE46 6HF]]></description>
        <styleUrl>#icon-1769-9C27B0</styleUrl>
        <ExtendedData>
          <Data name="Site name">
            <value>Codlaw Hill</value>
          </Data>
          <Data name="County">
            <value>Northumberland</value>
          </Data>
          <Data name="Postcode">
            <value>NE46 6HF</value>
          </Data>
        </ExtendedData>
      </Placemark>
      <Placemark>
        <name><![CDATA[Down End Compost & Recycling]]></name>
        <address>DT11 8SY</address>
        <description><![CDATA[Site name: Down End Compost & Recycling<br>County: Dorset<br>Postcode: DT11 8SY]]></description>
        <styleUrl>#icon-1769-9C27B0</styleUrl>
        <ExtendedData>
          <Data name="Site name">
            <value><![CDATA[Down End Compost & Recycling]]></value>
          </Data>
          <Data name="County">
            <value>Dorset</value>
          </Data>
          <Data name="Postcode">
            <value>DT11 8SY</value>
          </Data>
        </ExtendedData>
      </Placemark>
      <Placemark>
        <name>Down to Earth Recycling Ltd</name>
        <address>DN21 4JH</address>
        <description><![CDATA[Site name: Down to Earth Recycling Ltd<br>County: Lincolnshire<br>Postcode: DN21 4JH]]></description>
        <styleUrl>#icon-1769-9C27B0</styleUrl>
        <ExtendedData>
          <Data name="Site name">
            <value>Down to Earth Recycling Ltd</value>
          </Data>
          <Data name="County">
            <value>Lincolnshire</value>
          </Data>
          <Data name="Postcode">
            <value>DN21 4JH</value>
          </Data>
        </ExtendedData>
      </Placemark>
      <Placemark>
        <name>Dundee City Council (Environment Department)</name>
        <address>DD1 1QE</address>
        <description><![CDATA[Site name: Riverside Composting Site <br>County: Dundee <br>Postcode: DD1 1QE]]></description>
        <styleUrl>#icon-1769-9C27B0</styleUrl>
        <ExtendedData>
          <Data name="Site name">
            <value>Riverside Composting Site </value>
          </Data>
          <Data name="County">
            <value>Dundee </value>
          </Data>
          <Data name="Postcode">
            <value>DD1 1QE</value>
          </Data>
        </ExtendedData>
      </Placemark>
      <Placemark>
        <name>Eco Sustainable Solutions</name>
        <address>BH23 6BG</address>
        <description><![CDATA[Site name: Eco Sustainable Solutions<br>County: Dorset<br>Postcode: BH23 6BG]]></description>
        <styleUrl>#icon-1769-9C27B0</styleUrl>
        <ExtendedData>
          <Data name="Site name">
            <value>Eco Sustainable Solutions</value>
          </Data>
          <Data name="County">
            <value>Dorset</value>
          </Data>
          <Data name="Postcode">
            <value>BH23 6BG</value>
          </Data>
        </ExtendedData>
      </Placemark>
      <Placemark>
        <name>AB Waste Management t/a Bloomfield Composting</name>
        <address>WS12 4PB</address>
        <description><![CDATA[Site name: Elford Plant Hire Ltd t/a Bloomfield Composting<br>County: Staffordshire<br>Postcode: WS12 4PB]]></description>
        <styleUrl>#icon-1769-9C27B0</styleUrl>
        <ExtendedData>
          <Data name="Site name">
            <value>Elford Plant Hire Ltd t/a Bloomfield Composting</value>
          </Data>
          <Data name="County">
            <value>Staffordshire</value>
          </Data>
          <Data name="Postcode">
            <value>WS12 4PB</value>
          </Data>
        </ExtendedData>
      </Placemark>
      <Placemark>
        <name>FCC Environment (UK) Ltd</name>
        <address>CH2 4JP</address>
        <description><![CDATA[Site name: Gowy Compost Facility<br>County: Cheshire<br>Postcode: CH2 4JP]]></description>
        <styleUrl>#icon-1769-9C27B0</styleUrl>
        <ExtendedData>
          <Data name="Site name">
            <value>Gowy Compost Facility</value>
          </Data>
          <Data name="County">
            <value>Cheshire</value>
          </Data>
          <Data name="Postcode">
            <value>CH2 4JP</value>
          </Data>
        </ExtendedData>
      </Placemark>
      <Placemark>
        <name>Woodhorn Group</name>
        <address>PO11 0QW</address>
        <description><![CDATA[Site name: Manor Farm Composting Facility<br>County: Hampshire<br>Postcode: PO11 0QW]]></description>
        <styleUrl>#icon-1769-9C27B0</styleUrl>
        <ExtendedData>
          <Data name="Site name">
            <value>Manor Farm Composting Facility</value>
          </Data>
          <Data name="County">
            <value>Hampshire</value>
          </Data>
          <Data name="Postcode">
            <value>PO11 0QW</value>
          </Data>
        </ExtendedData>
      </Placemark>
      <Placemark>
        <name>Flintshire County Council Waste Management Services</name>
        <address>CH8 7HJ</address>
        <description><![CDATA[Site name: Greenfield Composting Facility<br>County: Flintshire<br>Postcode: CH8 7HJ]]></description>
        <styleUrl>#icon-1769-9C27B0</styleUrl>
        <ExtendedData>
          <Data name="Site name">
            <value>Greenfield Composting Facility</value>
          </Data>
          <Data name="County">
            <value>Flintshire</value>
          </Data>
          <Data name="Postcode">
            <value>CH8 7HJ</value>
          </Data>
        </ExtendedData>
      </Placemark>
      <Placemark>
        <name>Forth Resource Management - Pavilion</name>
        <address>TD6 9BN</address>
        <description><![CDATA[Site name: The Pavilion Composting Site<br>County: Scottish Borders<br>Postcode: TD6 9BN]]></description>
        <styleUrl>#icon-1769-9C27B0</styleUrl>
        <ExtendedData>
          <Data name="Site name">
            <value>The Pavilion Composting Site</value>
          </Data>
          <Data name="County">
            <value>Scottish Borders</value>
          </Data>
          <Data name="Postcode">
            <value>TD6 9BN</value>
          </Data>
        </ExtendedData>
      </Placemark>
      <Placemark>
        <name>Forth Resource Management Limited - Braehead</name>
        <address>EH12 0AA</address>
        <description><![CDATA[Site name: Braehead Eco Centre<br>County: Edinburgh<br>Postcode: EH12 0AA]]></description>
        <styleUrl>#icon-1769-9C27B0</styleUrl>
        <ExtendedData>
          <Data name="Site name">
            <value>Braehead Eco Centre</value>
          </Data>
          <Data name="County">
            <value>Edinburgh</value>
          </Data>
          <Data name="Postcode">
            <value>EH12 0AA</value>
          </Data>
        </ExtendedData>
      </Placemark>
      <Placemark>
        <name>Forth Resource Management Ltd - Drylaw Hill Farm</name>
        <address>EH40 3AZ</address>
        <description><![CDATA[Site name: Drylaw Hill Farm<br>County: Linton<br>Postcode: EH40 3AZ]]></description>
        <styleUrl>#icon-1769-9C27B0</styleUrl>
        <ExtendedData>
          <Data name="Site name">
            <value>Drylaw Hill Farm</value>
          </Data>
          <Data name="County">
            <value>Linton</value>
          </Data>
          <Data name="Postcode">
            <value>EH40 3AZ</value>
          </Data>
        </ExtendedData>
      </Placemark>
      <Placemark>
        <name>Freeland Horticulture Ltd</name>
        <address>DN9 3DU</address>
        <description><![CDATA[Site name: Wroot Road Quarry<br>County: South Yorkshire<br>Postcode: DN9 3DU]]></description>
        <styleUrl>#icon-1769-9C27B0</styleUrl>
        <ExtendedData>
          <Data name="Site name">
            <value>Wroot Road Quarry</value>
          </Data>
          <Data name="County">
            <value>South Yorkshire</value>
          </Data>
          <Data name="Postcode">
            <value>DN9 3DU</value>
          </Data>
        </ExtendedData>
      </Placemark>
      <Placemark>
        <name><![CDATA[George Whittaker & Sons (Knutsford) Limited]]></name>
        <address>WA6 0HA</address>
        <description><![CDATA[Site name: Hapsford Composting Facility<br>County: Cheshire<br>Postcode: WA6 0HA]]></description>
        <styleUrl>#icon-1769-9C27B0</styleUrl>
        <ExtendedData>
          <Data name="Site name">
            <value>Hapsford Composting Facility</value>
          </Data>
          <Data name="County">
            <value>Cheshire</value>
          </Data>
          <Data name="Postcode">
            <value>WA6 0HA</value>
          </Data>
        </ExtendedData>
      </Placemark>
      <Placemark>
        <name>Green Estate Ltd</name>
        <address>S2 1UP</address>
        <description><![CDATA[Site name: Green Estate Ltd<br>County: South Yorkshire<br>Postcode: S2 1UP]]></description>
        <styleUrl>#icon-1769-9C27B0</styleUrl>
        <ExtendedData>
          <Data name="Site name">
            <value>Green Estate Ltd</value>
          </Data>
          <Data name="County">
            <value>South Yorkshire</value>
          </Data>
          <Data name="Postcode">
            <value>S2 1UP</value>
          </Data>
        </ExtendedData>
      </Placemark>
      <Placemark>
        <name>Greenaway Green Waste Services</name>
        <address>LN13 0LW</address>
        <description><![CDATA[Site name: Greenaway Green Waste Services<br>County: Lincolnshire<br>Postcode: LN13 0LW]]></description>
        <styleUrl>#icon-1769-9C27B0</styleUrl>
        <ExtendedData>
          <Data name="Site name">
            <value>Greenaway Green Waste Services</value>
          </Data>
          <Data name="County">
            <value>Lincolnshire</value>
          </Data>
          <Data name="Postcode">
            <value>LN13 0LW</value>
          </Data>
        </ExtendedData>
      </Placemark>
      <Placemark>
        <name>Greencomp Ltd</name>
        <address>NR18 9RL</address>
        <description><![CDATA[Site name: Greencomp Ltd<br>County: Norfolk<br>Postcode: NR18 9RL]]></description>
        <styleUrl>#icon-1769-9C27B0</styleUrl>
        <ExtendedData>
          <Data name="Site name">
            <value>Greencomp Ltd</value>
          </Data>
          <Data name="County">
            <value>Norfolk</value>
          </Data>
          <Data name="Postcode">
            <value>NR18 9RL</value>
          </Data>
        </ExtendedData>
      </Placemark>
      <Placemark>
        <name>Greener Composting</name>
        <address>WS14 0GP</address>
        <description><![CDATA[Site name: Greener Composting<br>County: Staffordshire<br>Postcode: WS14 0GP]]></description>
        <styleUrl>#icon-1769-9C27B0</styleUrl>
        <ExtendedData>
          <Data name="Site name">
            <value>Greener Composting</value>
          </Data>
          <Data name="County">
            <value>Staffordshire</value>
          </Data>
          <Data name="Postcode">
            <value>WS14 0GP</value>
          </Data>
        </ExtendedData>
      </Placemark>
      <Placemark>
        <name><![CDATA[Greenleaf Recycling Ltd (W L Straughan & Son Ltd)]]></name>
        <address>NE22 6AA</address>
        <description><![CDATA[Site name: Lane Farm<br>County: Northumberland<br>Postcode: NE22 6AA]]></description>
        <styleUrl>#icon-1769-9C27B0</styleUrl>
        <ExtendedData>
          <Data name="Site name">
            <value>Lane Farm</value>
          </Data>
          <Data name="County">
            <value>Northumberland</value>
          </Data>
          <Data name="Postcode">
            <value>NE22 6AA</value>
          </Data>
        </ExtendedData>
      </Placemark>
      <Placemark>
        <name>Greenworld Sales Ltd</name>
        <address>PE30 2HY</address>
        <description><![CDATA[Site name: Estuary Farm<br>County: Norfolk<br>Postcode: PE30 2HY]]></description>
        <styleUrl>#icon-1769-9C27B0</styleUrl>
        <ExtendedData>
          <Data name="Site name">
            <value>Estuary Farm</value>
          </Data>
          <Data name="County">
            <value>Norfolk</value>
          </Data>
          <Data name="Postcode">
            <value>PE30 2HY</value>
          </Data>
        </ExtendedData>
      </Placemark>
      <Placemark>
        <name>Growing-Beds Recycling Services Ltd</name>
        <address>MK44 2SR</address>
        <description><![CDATA[Site name: The Organics Recycling Facility<br>County: Bedfordshire<br>Postcode: MK44 2SR]]></description>
        <styleUrl>#icon-1769-9C27B0</styleUrl>
        <ExtendedData>
          <Data name="Site name">
            <value>The Organics Recycling Facility</value>
          </Data>
          <Data name="County">
            <value>Bedfordshire</value>
          </Data>
          <Data name="Postcode">
            <value>MK44 2SR</value>
          </Data>
        </ExtendedData>
      </Placemark>
      <Placemark>
        <name>Gwrtaith Gwynedd</name>
        <address>LL53 6SJ</address>
        <description><![CDATA[Site name: Glanllynnau<br>County: Gwynedd<br>Postcode: LL53 6SJ]]></description>
        <styleUrl>#icon-1769-9C27B0</styleUrl>
        <ExtendedData>
          <Data name="Site name">
            <value>Glanllynnau</value>
          </Data>
          <Data name="County">
            <value>Gwynedd</value>
          </Data>
          <Data name="Postcode">
            <value>LL53 6SJ</value>
          </Data>
        </ExtendedData>
      </Placemark>
      <Placemark>
        <name>Hills Minerals and Waste Limited</name>
        <address>SN5 4HG</address>
        <description><![CDATA[Site name: Parkgate Farm Composting Facility<br>County: Wiltshire<br>Postcode: SN5 4HG]]></description>
        <styleUrl>#icon-1769-9C27B0</styleUrl>
        <ExtendedData>
          <Data name="Site name">
            <value>Parkgate Farm Composting Facility</value>
          </Data>
          <Data name="County">
            <value>Wiltshire</value>
          </Data>
          <Data name="Postcode">
            <value>SN5 4HG</value>
          </Data>
        </ExtendedData>
      </Placemark>
      <Placemark>
        <name>HSF Recycling Ltd</name>
        <address>ST7 3SU</address>
        <description><![CDATA[Site name: Higher Smallwood Farm<br>County: Staffordshire<br>Postcode: ST7 3SU]]></description>
        <styleUrl>#icon-1769-9C27B0</styleUrl>
        <ExtendedData>
          <Data name="Site name">
            <value>Higher Smallwood Farm</value>
          </Data>
          <Data name="County">
            <value>Staffordshire</value>
          </Data>
          <Data name="Postcode">
            <value>ST7 3SU</value>
          </Data>
        </ExtendedData>
      </Placemark>
      <Placemark>
        <name>Jack Moody Recycling</name>
        <address>TF2 9PD</address>
        <description><![CDATA[Site name: Lodgewood Recycling Ltd<br>County: Shropshire<br>Postcode: TF2 9PD]]></description>
        <styleUrl>#icon-1769-9C27B0</styleUrl>
        <ExtendedData>
          <Data name="Site name">
            <value>Lodgewood Recycling Ltd</value>
          </Data>
          <Data name="County">
            <value>Shropshire</value>
          </Data>
          <Data name="Postcode">
            <value>TF2 9PD</value>
          </Data>
        </ExtendedData>
      </Placemark>
      <Placemark>
        <name>Jack Moody Recycling</name>
        <address>CV7 7LH</address>
        <description><![CDATA[Site name: Berkswell Recycling Ltd<br>County: Coventry<br>Postcode: CV7 7LH]]></description>
        <styleUrl>#icon-1769-9C27B0</styleUrl>
        <ExtendedData>
          <Data name="Site name">
            <value>Berkswell Recycling Ltd</value>
          </Data>
          <Data name="County">
            <value>Coventry</value>
          </Data>
          <Data name="Postcode">
            <value>CV7 7LH</value>
          </Data>
        </ExtendedData>
      </Placemark>
      <Placemark>
        <name><![CDATA[James Heyes & Sons]]></name>
        <address>WA11 7JE</address>
        <description><![CDATA[Site name: Mossborough Hall<br>County: Merseyside<br>Postcode: WA11 7JE]]></description>
        <styleUrl>#icon-1769-9C27B0</styleUrl>
        <ExtendedData>
          <Data name="Site name">
            <value>Mossborough Hall</value>
          </Data>
          <Data name="County">
            <value>Merseyside</value>
          </Data>
          <Data name="Postcode">
            <value>WA11 7JE</value>
          </Data>
        </ExtendedData>
      </Placemark>
      <Placemark>
        <name>KPS Composting Services Ltd </name>
        <address>TN22 5JJ</address>
        <description><![CDATA[Site name: Isfield Recycling Centre<br>County: East Sussex<br>Postcode: TN22 5JJ]]></description>
        <styleUrl>#icon-1769-9C27B0</styleUrl>
        <ExtendedData>
          <Data name="Site name">
            <value>Isfield Recycling Centre</value>
          </Data>
          <Data name="County">
            <value>East Sussex</value>
          </Data>
          <Data name="Postcode">
            <value>TN22 5JJ</value>
          </Data>
        </ExtendedData>
      </Placemark>
      <Placemark>
        <name>Land Network (North East Lincolnshire) Ltd</name>
        <address>LN11 0SA</address>
        <description><![CDATA[Site name: Land Network (North East Lincolnshire) Ltd<br>County: Lincolnshire<br>Postcode: LN11 0SA]]></description>
        <styleUrl>#icon-1769-9C27B0</styleUrl>
        <ExtendedData>
          <Data name="Site name">
            <value>Land Network (North East Lincolnshire) Ltd</value>
          </Data>
          <Data name="County">
            <value>Lincolnshire</value>
          </Data>
          <Data name="Postcode">
            <value>LN11 0SA</value>
          </Data>
        </ExtendedData>
      </Placemark>
      <Placemark>
        <name>Material Change Composting Limited</name>
        <address>IP6 8ND</address>
        <description><![CDATA[Site name: The Watering Farm<br>County: Suffolk<br>Postcode: IP6 8ND]]></description>
        <styleUrl>#icon-1769-9C27B0</styleUrl>
        <ExtendedData>
          <Data name="Site name">
            <value>The Watering Farm</value>
          </Data>
          <Data name="County">
            <value>Suffolk</value>
          </Data>
          <Data name="Postcode">
            <value>IP6 8ND</value>
          </Data>
        </ExtendedData>
      </Placemark>
      <Placemark>
        <name>Material Change Composting Limited</name>
        <address>MK45 3QS</address>
        <description><![CDATA[Site name: Haynes Compost Site<br>County: Bedfordshire<br>Postcode: MK45 3QS]]></description>
        <styleUrl>#icon-1769-9C27B0</styleUrl>
        <ExtendedData>
          <Data name="Site name">
            <value>Haynes Compost Site</value>
          </Data>
          <Data name="County">
            <value>Bedfordshire</value>
          </Data>
          <Data name="Postcode">
            <value>MK45 3QS</value>
          </Data>
        </ExtendedData>
      </Placemark>
      <Placemark>
        <name>Lowick Manor Farms Ltd</name>
        <address>NN14 3EN</address>
        <description><![CDATA[Site name: Lowick Compost Site<br>County: Northamptonshire<br>Postcode: NN14 3EN]]></description>
        <styleUrl>#icon-1769-9C27B0</styleUrl>
        <ExtendedData>
          <Data name="Site name">
            <value>Lowick Compost Site</value>
          </Data>
          <Data name="County">
            <value>Northamptonshire</value>
          </Data>
          <Data name="Postcode">
            <value>NN14 3EN</value>
          </Data>
        </ExtendedData>
      </Placemark>
      <Placemark>
        <name>Material Change Composting Limited</name>
        <address>MK45 4RF</address>
        <description><![CDATA[Site name: Faldo Compost Site<br>County: Bedfordshire<br>Postcode: MK45 4RF]]></description>
        <styleUrl>#icon-1769-9C27B0</styleUrl>
        <ExtendedData>
          <Data name="Site name">
            <value>Faldo Compost Site</value>
          </Data>
          <Data name="County">
            <value>Bedfordshire</value>
          </Data>
          <Data name="Postcode">
            <value>MK45 4RF</value>
          </Data>
        </ExtendedData>
      </Placemark>
      <Placemark>
        <name>Material Change Composting Limited</name>
        <address>NN13 5QD</address>
        <description><![CDATA[Site name: Helmdon Compost Site<br>County: Northamptonshire<br>Postcode: NN13 5QD]]></description>
        <styleUrl>#icon-1769-9C27B0</styleUrl>
        <ExtendedData>
          <Data name="Site name">
            <value>Helmdon Compost Site</value>
          </Data>
          <Data name="County">
            <value>Northamptonshire</value>
          </Data>
          <Data name="Postcode">
            <value>NN13 5QD</value>
          </Data>
        </ExtendedData>
      </Placemark>
      <Placemark>
        <name>MEC Recycling</name>
        <address>LN6 9HS</address>
        <description><![CDATA[Site name: Ansons Farm<br>County: Lincolnshire<br>Postcode: LN6 9HS]]></description>
        <styleUrl>#icon-1769-9C27B0</styleUrl>
        <ExtendedData>
          <Data name="Site name">
            <value>Ansons Farm</value>
          </Data>
          <Data name="County">
            <value>Lincolnshire</value>
          </Data>
          <Data name="Postcode">
            <value>LN6 9HS</value>
          </Data>
        </ExtendedData>
      </Placemark>
      <Placemark>
        <name>Newbourne Farm Composting</name>
        <address>SP6 3NT</address>
        <description><![CDATA[Site name: Newbourne Farm Composting<br>County: Hampshire<br>Postcode: SP6 3NT]]></description>
        <styleUrl>#icon-1769-9C27B0</styleUrl>
        <ExtendedData>
          <Data name="Site name">
            <value>Newbourne Farm Composting</value>
          </Data>
          <Data name="County">
            <value>Hampshire</value>
          </Data>
          <Data name="Postcode">
            <value>SP6 3NT</value>
          </Data>
        </ExtendedData>
      </Placemark>
      <Placemark>
        <name>Newcastle City Council</name>
        <address>NE15 9RU</address>
        <description><![CDATA[Site name: Sandhills Composting Centre<br>County: Newcastle Upon Tyne<br>Postcode: NE15 9RU]]></description>
        <styleUrl>#icon-1769-9C27B0</styleUrl>
        <ExtendedData>
          <Data name="Site name">
            <value>Sandhills Composting Centre</value>
          </Data>
          <Data name="County">
            <value>Newcastle Upon Tyne</value>
          </Data>
          <Data name="Postcode">
            <value>NE15 9RU</value>
          </Data>
        </ExtendedData>
      </Placemark>
      <Placemark>
        <name>Olus Environmental Limited</name>
        <address>BN5 9AB</address>
        <description><![CDATA[Site name: Winterpick Business Park<br>County: West Sussex<br>Postcode: BN5 9AB]]></description>
        <styleUrl>#icon-1769-9C27B0</styleUrl>
        <ExtendedData>
          <Data name="Site name">
            <value>Winterpick Business Park</value>
          </Data>
          <Data name="County">
            <value>West Sussex</value>
          </Data>
          <Data name="Postcode">
            <value>BN5 9AB</value>
          </Data>
        </ExtendedData>
      </Placemark>
      <Placemark>
        <name>Material Change Composting Limited</name>
        <address>PE6 0LX</address>
        <description><![CDATA[Site name: Decoy Farm Compost Site<br>County: Cambridgeshire<br>Postcode: PE6 0LX]]></description>
        <styleUrl>#icon-1769-9C27B0</styleUrl>
        <ExtendedData>
          <Data name="Site name">
            <value>Decoy Farm Compost Site</value>
          </Data>
          <Data name="County">
            <value>Cambridgeshire</value>
          </Data>
          <Data name="Postcode">
            <value>PE6 0LX</value>
          </Data>
        </ExtendedData>
      </Placemark>
      <Placemark>
        <name>ORM North Norfolk Ltd</name>
        <address>NR11 7BX</address>
        <description><![CDATA[Site name: Great Farm<br>County: Norfolk<br>Postcode: NR11 7BX]]></description>
        <styleUrl>#icon-1769-9C27B0</styleUrl>
        <ExtendedData>
          <Data name="Site name">
            <value>Great Farm</value>
          </Data>
          <Data name="County">
            <value>Norfolk</value>
          </Data>
          <Data name="Postcode">
            <value>NR11 7BX</value>
          </Data>
        </ExtendedData>
      </Placemark>
      <Placemark>
        <name>Phoenix Green Solutions</name>
        <address>BS36 2NS</address>
        <description><![CDATA[Site name: Mays Hill Industrial Estate<br>County: Bristol<br>Postcode: BS36 2NS]]></description>
        <styleUrl>#icon-1769-9C27B0</styleUrl>
        <ExtendedData>
          <Data name="Site name">
            <value>Mays Hill Industrial Estate</value>
          </Data>
          <Data name="County">
            <value>Bristol</value>
          </Data>
          <Data name="Postcode">
            <value>BS36 2NS</value>
          </Data>
        </ExtendedData>
      </Placemark>
      <Placemark>
        <name>Resource Recycling Solutions Ltd</name>
        <address>PR3 6BP</address>
        <description><![CDATA[Site name: Iron House Farm<br>County: Lancashire<br>Postcode: PR3 6BP]]></description>
        <styleUrl>#icon-1769-9C27B0</styleUrl>
        <ExtendedData>
          <Data name="Site name">
            <value>Iron House Farm</value>
          </Data>
          <Data name="County">
            <value>Lancashire</value>
          </Data>
          <Data name="Postcode">
            <value>PR3 6BP</value>
          </Data>
        </ExtendedData>
      </Placemark>
      <Placemark>
        <name><![CDATA[RJT & AR Ainsworth]]></name>
        <address>ST21 6JU</address>
        <description><![CDATA[Site name: Mill Farm<br>County: Staffordshire<br>Postcode: ST21 6JU]]></description>
        <styleUrl>#icon-1769-9C27B0</styleUrl>
        <ExtendedData>
          <Data name="Site name">
            <value>Mill Farm</value>
          </Data>
          <Data name="County">
            <value>Staffordshire</value>
          </Data>
          <Data name="Postcode">
            <value>ST21 6JU</value>
          </Data>
        </ExtendedData>
      </Placemark>
      <Placemark>
        <name>Robert Holroyd- Far Shawcroft Farm</name>
        <address>HX7 8TE</address>
        <description><![CDATA[Site name: Far Shawcroft Farm<br>County: West Yorkshire<br>Postcode: HX7 8TE]]></description>
        <styleUrl>#icon-1769-9C27B0</styleUrl>
        <ExtendedData>
          <Data name="Site name">
            <value>Far Shawcroft Farm</value>
          </Data>
          <Data name="County">
            <value>West Yorkshire</value>
          </Data>
          <Data name="Postcode">
            <value>HX7 8TE</value>
          </Data>
        </ExtendedData>
      </Placemark>
      <Placemark>
        <name>SED Services Ltd</name>
        <address>WN4 0ES</address>
        <description><![CDATA[Site name: Bryn Hall Farm<br>County: Lancashire<br>Postcode: WN4 0ES]]></description>
        <styleUrl>#icon-1769-9C27B0</styleUrl>
        <ExtendedData>
          <Data name="Site name">
            <value>Bryn Hall Farm</value>
          </Data>
          <Data name="County">
            <value>Lancashire</value>
          </Data>
          <Data name="Postcode">
            <value>WN4 0ES</value>
          </Data>
        </ExtendedData>
      </Placemark>
      <Placemark>
        <name>Severn Waste Services</name>
        <address>WR10 2LW</address>
        <description><![CDATA[Site name: Hill & Moor Landfill Site<br>County: Worcestershire<br>Postcode: WR10 2LW]]></description>
        <styleUrl>#icon-1769-9C27B0</styleUrl>
        <ExtendedData>
          <Data name="Site name">
            <value><![CDATA[Hill & Moor Landfill Site]]></value>
          </Data>
          <Data name="County">
            <value>Worcestershire</value>
          </Data>
          <Data name="Postcode">
            <value>WR10 2LW</value>
          </Data>
        </ExtendedData>
      </Placemark>
      <Placemark>
        <name>Sherwood Farms Ltd</name>
        <address>NG12 2LT</address>
        <description><![CDATA[Site name: Sherwood compost site	<br>County: Nottinghamshire<br>Postcode: NG12 2LT]]></description>
        <styleUrl>#icon-1769-9C27B0</styleUrl>
        <ExtendedData>
          <Data name="Site name">
            <value>Sherwood compost site	</value>
          </Data>
          <Data name="County">
            <value>Nottinghamshire</value>
          </Data>
          <Data name="Postcode">
            <value>NG12 2LT</value>
          </Data>
        </ExtendedData>
      </Placemark>
      <Placemark>
        <name>Shorts Group Ltd</name>
        <address>RG42 6LR</address>
        <description><![CDATA[Site name: Planners Farm<br>County: Berkshire<br>Postcode: RG42 6LR]]></description>
        <styleUrl>#icon-1769-9C27B0</styleUrl>
        <ExtendedData>
          <Data name="Site name">
            <value>Planners Farm</value>
          </Data>
          <Data name="County">
            <value>Berkshire</value>
          </Data>
          <Data name="Postcode">
            <value>RG42 6LR</value>
          </Data>
        </ExtendedData>
      </Placemark>
      <Placemark>
        <name>Veolia UK Ltd</name>
        <address>TF2 9PA</address>
        <description><![CDATA[Site name: Telford Compost Facility<br>County: Shropshire<br>Postcode: TF2 9PA]]></description>
        <styleUrl>#icon-1769-9C27B0</styleUrl>
        <ExtendedData>
          <Data name="Site name">
            <value>Telford Compost Facility</value>
          </Data>
          <Data name="County">
            <value>Shropshire</value>
          </Data>
          <Data name="Postcode">
            <value>TF2 9PA</value>
          </Data>
        </ExtendedData>
      </Placemark>
      <Placemark>
        <name>Veolia UK Ltd</name>
        <address>ST54EE</address>
        <description><![CDATA[Site name: Acton Composting Facility<br>County: Staffordshire<br>Postcode: ST54EE]]></description>
        <styleUrl>#icon-1769-9C27B0</styleUrl>
        <ExtendedData>
          <Data name="Site name">
            <value>Acton Composting Facility</value>
          </Data>
          <Data name="County">
            <value>Staffordshire</value>
          </Data>
          <Data name="Postcode">
            <value>ST54EE</value>
          </Data>
        </ExtendedData>
      </Placemark>
      <Placemark>
        <name>Veolia UK Ltd</name>
        <address>WV9 5AX</address>
        <description><![CDATA[Site name: Coven Compost Facility<br>County: Staffordshire<br>Postcode: WV9 5AX]]></description>
        <styleUrl>#icon-1769-9C27B0</styleUrl>
        <ExtendedData>
          <Data name="Site name">
            <value>Coven Compost Facility</value>
          </Data>
          <Data name="County">
            <value>Staffordshire</value>
          </Data>
          <Data name="Postcode">
            <value>WV9 5AX</value>
          </Data>
        </ExtendedData>
      </Placemark>
      <Placemark>
        <name>Veolia UK Ltd</name>
        <address>NG25 0RG</address>
        <description><![CDATA[Site name: Oxton Compost Site<br>County: Nottinghamshire<br>Postcode: NG25 0RG]]></description>
        <styleUrl>#icon-1769-9C27B0</styleUrl>
        <ExtendedData>
          <Data name="Site name">
            <value>Oxton Compost Site</value>
          </Data>
          <Data name="County">
            <value>Nottinghamshire</value>
          </Data>
          <Data name="Postcode">
            <value>NG25 0RG</value>
          </Data>
        </ExtendedData>
      </Placemark>
      <Placemark>
        <name>Sinkfall Recycling</name>
        <address>LA14 4QE</address>
        <description><![CDATA[Site name: Sinkfall Farm<br>County: Cumbria<br>Postcode: LA14 4QE]]></description>
        <styleUrl>#icon-1769-9C27B0</styleUrl>
        <ExtendedData>
          <Data name="Site name">
            <value>Sinkfall Farm</value>
          </Data>
          <Data name="County">
            <value>Cumbria</value>
          </Data>
          <Data name="Postcode">
            <value>LA14 4QE</value>
          </Data>
        </ExtendedData>
      </Placemark>
      <Placemark>
        <name>SUEZ Environment</name>
        <address>LE65 1SD</address>
        <description><![CDATA[Site name: Lount OWC<br>County: Leicestershire<br>Postcode: LE65 1SD]]></description>
        <styleUrl>#icon-1769-9C27B0</styleUrl>
        <ExtendedData>
          <Data name="Site name">
            <value>Lount OWC</value>
          </Data>
          <Data name="County">
            <value>Leicestershire</value>
          </Data>
          <Data name="Postcode">
            <value>LE65 1SD</value>
          </Data>
        </ExtendedData>
      </Placemark>
      <Placemark>
        <name>SUEZ Environment</name>
        <address>CV7 7HN</address>
        <description><![CDATA[Site name: Packington Compost<br>County: Warwickshire<br>Postcode: CV7 7HN]]></description>
        <styleUrl>#icon-1769-9C27B0</styleUrl>
        <ExtendedData>
          <Data name="Site name">
            <value>Packington Compost</value>
          </Data>
          <Data name="County">
            <value>Warwickshire</value>
          </Data>
          <Data name="Postcode">
            <value>CV7 7HN</value>
          </Data>
        </ExtendedData>
      </Placemark>
      <Placemark>
        <name>Tamar Organics T/A Biogen</name>
        <address>BR8 7QP</address>
        <description><![CDATA[Site name: Swanley<br>County: Kent<br>Postcode: BR8 7QP]]></description>
        <styleUrl>#icon-1769-9C27B0</styleUrl>
        <ExtendedData>
          <Data name="Site name">
            <value>Swanley</value>
          </Data>
          <Data name="County">
            <value>Kent</value>
          </Data>
          <Data name="Postcode">
            <value>BR8 7QP</value>
          </Data>
        </ExtendedData>
      </Placemark>
      <Placemark>
        <name>Tamar Organics T/A Biogen</name>
        <address>CM16 6RZ</address>
        <description><![CDATA[Site name: Ashlyns Farm<br>County: Essex<br>Postcode: CM16 6RZ]]></description>
        <styleUrl>#icon-1769-9C27B0</styleUrl>
        <ExtendedData>
          <Data name="Site name">
            <value>Ashlyns Farm</value>
          </Data>
          <Data name="County">
            <value>Essex</value>
          </Data>
          <Data name="Postcode">
            <value>CM16 6RZ</value>
          </Data>
        </ExtendedData>
      </Placemark>
      <Placemark>
        <name>DWML Group Ltd (T/A Coastal Organics)</name>
        <address>EX5 1DR</address>
        <description><![CDATA[Site name: Hill Barton Composting Site<br>County: Devon<br>Postcode: EX5 1DR]]></description>
        <styleUrl>#icon-1769-9C27B0</styleUrl>
        <ExtendedData>
          <Data name="Site name">
            <value>Hill Barton Composting Site</value>
          </Data>
          <Data name="County">
            <value>Devon</value>
          </Data>
          <Data name="Postcode">
            <value>EX5 1DR</value>
          </Data>
        </ExtendedData>
      </Placemark>
      <Placemark>
        <name>Brosters Environmental Ltd</name>
        <address>OL14 7AF</address>
        <description><![CDATA[Site name: Sharneyford Works<br>County: West Yorkshire<br>Postcode: OL14 7AF]]></description>
        <styleUrl>#icon-1769-9C27B0</styleUrl>
        <ExtendedData>
          <Data name="Site name">
            <value>Sharneyford Works</value>
          </Data>
          <Data name="County">
            <value>West Yorkshire</value>
          </Data>
          <Data name="Postcode">
            <value>OL14 7AF</value>
          </Data>
        </ExtendedData>
      </Placemark>
      <Placemark>
        <name>The Woodhorn Group Ltd</name>
        <address>PO20 1NW</address>
        <description><![CDATA[Site name: Runcton Composting Facility<br>County: West Sussex<br>Postcode: PO20 1NW]]></description>
        <styleUrl>#icon-1769-9C27B0</styleUrl>
        <ExtendedData>
          <Data name="Site name">
            <value>Runcton Composting Facility</value>
          </Data>
          <Data name="County">
            <value>West Sussex</value>
          </Data>
          <Data name="Postcode">
            <value>PO20 1NW</value>
          </Data>
        </ExtendedData>
      </Placemark>
      <Placemark>
        <name>TMA Bark Supplies</name>
        <address>NR9 5LG</address>
        <description><![CDATA[Site name: TMA Bark Supplies<br>County: Norwich<br>Postcode: NR9 5LG]]></description>
        <styleUrl>#icon-1769-9C27B0</styleUrl>
        <ExtendedData>
          <Data name="Site name">
            <value>TMA Bark Supplies</value>
          </Data>
          <Data name="County">
            <value>Norwich</value>
          </Data>
          <Data name="Postcode">
            <value>NR9 5LG</value>
          </Data>
        </ExtendedData>
      </Placemark>
      <Placemark>
        <name>Veolia Environmental Services (Hants) Ltd Chilbolton</name>
        <address>SO20 6BU</address>
        <description><![CDATA[Site name: Chilbolton Composting Facility<br>County: Hampshire<br>Postcode: SO20 6BU]]></description>
        <styleUrl>#icon-1769-9C27B0</styleUrl>
        <ExtendedData>
          <Data name="Site name">
            <value>Chilbolton Composting Facility</value>
          </Data>
          <Data name="County">
            <value>Hampshire</value>
          </Data>
          <Data name="Postcode">
            <value>SO20 6BU</value>
          </Data>
        </ExtendedData>
      </Placemark>
      <Placemark>
        <name>Veolia ES (UK) Ltd</name>
        <address>SS16 4UH</address>
        <description><![CDATA[Site name: Pitsea Hall Lane<br>County: Essex<br>Postcode: SS16 4UH]]></description>
        <styleUrl>#icon-1769-9C27B0</styleUrl>
        <ExtendedData>
          <Data name="Site name">
            <value>Pitsea Hall Lane</value>
          </Data>
          <Data name="County">
            <value>Essex</value>
          </Data>
          <Data name="Postcode">
            <value>SS16 4UH</value>
          </Data>
        </ExtendedData>
      </Placemark>
      <Placemark>
        <name>Veolia ES South Downs Ltd.</name>
        <address>BN8 6JD</address>
        <description><![CDATA[Site name: The Woodlands Center<br>County: East Sussex<br>Postcode: BN8 6JD]]></description>
        <styleUrl>#icon-1769-9C27B0</styleUrl>
        <ExtendedData>
          <Data name="Site name">
            <value>The Woodlands Center</value>
          </Data>
          <Data name="County">
            <value>East Sussex</value>
          </Data>
          <Data name="Postcode">
            <value>BN8 6JD</value>
          </Data>
        </ExtendedData>
      </Placemark>
      <Placemark>
        <name>Biffa Waste Services Limited</name>
        <address>BA7 7NR</address>
        <description><![CDATA[Site name: Dimmer Composting Site<br>County: Somerset<br>Postcode: BA7 7NR]]></description>
        <styleUrl>#icon-1769-9C27B0</styleUrl>
        <ExtendedData>
          <Data name="Site name">
            <value>Dimmer Composting Site</value>
          </Data>
          <Data name="County">
            <value>Somerset</value>
          </Data>
          <Data name="Postcode">
            <value>BA7 7NR</value>
          </Data>
        </ExtendedData>
      </Placemark>
      <Placemark>
        <name>Biffa Waste Services Limited</name>
        <address>TA2 8QY</address>
        <description><![CDATA[Site name: Priorswood Composting Site<br>County: Somerset<br>Postcode: TA2 8QY]]></description>
        <styleUrl>#icon-1769-9C27B0</styleUrl>
        <ExtendedData>
          <Data name="Site name">
            <value>Priorswood Composting Site</value>
          </Data>
          <Data name="County">
            <value>Somerset</value>
          </Data>
          <Data name="Postcode">
            <value>TA2 8QY</value>
          </Data>
        </ExtendedData>
      </Placemark>
      <Placemark>
        <name>Biffa Waste Services Limited</name>
        <address>TA6 4TF</address>
        <description><![CDATA[Site name: Walpole Landfill Site<br>County: Somerset<br>Postcode: TA6 4TF]]></description>
        <styleUrl>#icon-1769-9C27B0</styleUrl>
        <ExtendedData>
          <Data name="Site name">
            <value>Walpole Landfill Site</value>
          </Data>
          <Data name="County">
            <value>Somerset</value>
          </Data>
          <Data name="Postcode">
            <value>TA6 4TF</value>
          </Data>
        </ExtendedData>
      </Placemark>
      <Placemark>
        <name>W.G.R. Ltd</name>
        <address>CW5 7PN</address>
        <description><![CDATA[Site name: Whittakers Green Farm<br>County: Cheshire<br>Postcode: CW5 7PN]]></description>
        <styleUrl>#icon-1769-9C27B0</styleUrl>
        <ExtendedData>
          <Data name="Site name">
            <value>Whittakers Green Farm</value>
          </Data>
          <Data name="County">
            <value>Cheshire</value>
          </Data>
          <Data name="Postcode">
            <value>CW5 7PN</value>
          </Data>
        </ExtendedData>
      </Placemark>
      <Placemark>
        <name>West Coast Composting Ltd</name>
        <address>CA2 8UR </address>
        <description><![CDATA[Site name: Whin Bank<br>County: Cumbria<br>Postcode: CA2 8UR ]]></description>
        <styleUrl>#icon-1769-9C27B0</styleUrl>
        <ExtendedData>
          <Data name="Site name">
            <value>Whin Bank</value>
          </Data>
          <Data name="County">
            <value>Cumbria</value>
          </Data>
          <Data name="Postcode">
            <value>CA2 8UR </value>
          </Data>
        </ExtendedData>
      </Placemark>
      <Placemark>
        <name>The Greener Gardening Company Ltd</name>
        <address>L33 3AN</address>
        <description><![CDATA[Site name: Simonswood Moss<br>County: Merseyside<br>Postcode: L33 3AN]]></description>
        <styleUrl>#icon-1769-9C27B0</styleUrl>
        <ExtendedData>
          <Data name="Site name">
            <value>Simonswood Moss</value>
          </Data>
          <Data name="County">
            <value>Merseyside</value>
          </Data>
          <Data name="Postcode">
            <value>L33 3AN</value>
          </Data>
        </ExtendedData>
      </Placemark>
      <Placemark>
        <name>Ynys Mon C.C.</name>
        <address>LL59 5RY</address>
        <description><![CDATA[Site name: Penhesgyn In Vessel Composting Facility<br>County: Anglesey<br>Postcode: LL59 5RY]]></description>
        <styleUrl>#icon-1769-9C27B0</styleUrl>
        <ExtendedData>
          <Data name="Site name">
            <value>Penhesgyn In Vessel Composting Facility</value>
          </Data>
          <Data name="County">
            <value>Anglesey</value>
          </Data>
          <Data name="Postcode">
            <value>LL59 5RY</value>
          </Data>
        </ExtendedData>
      </Placemark>
      <Placemark>
        <name>FCC Environment (UK) Ltd</name>
        <address>LL22 8HP</address>
        <description><![CDATA[Site name: Llanddulas Composting Facility<br>County: Conwy<br>Postcode: LL22 8HP]]></description>
        <styleUrl>#icon-1769-9C27B0</styleUrl>
        <ExtendedData>
          <Data name="Site name">
            <value>Llanddulas Composting Facility</value>
          </Data>
          <Data name="County">
            <value>Conwy</value>
          </Data>
          <Data name="Postcode">
            <value>LL22 8HP</value>
          </Data>
        </ExtendedData>
      </Placemark>
      <Placemark>
        <name>Downs Farm Ltd T/A The Green Waste Co</name>
        <address>PL26 8LH</address>
        <description><![CDATA[Site name: Higher Brynn<br>County: Cornwall<br>Postcode: PL26 8LH]]></description>
        <styleUrl>#icon-1769-9C27B0</styleUrl>
        <ExtendedData>
          <Data name="Site name">
            <value>Higher Brynn</value>
          </Data>
          <Data name="County">
            <value>Cornwall</value>
          </Data>
          <Data name="Postcode">
            <value>PL26 8LH</value>
          </Data>
        </ExtendedData>
      </Placemark>
      <Placemark>
        <name><![CDATA[Ashton's Composting Ltd]]></name>
        <address>DN14 7ND</address>
        <description><![CDATA[Site name: Ashton's Composting Ltd<br>County: East Yorkshire<br>Postcode: DN14 7ND]]></description>
        <styleUrl>#icon-1769-9C27B0</styleUrl>
        <ExtendedData>
          <Data name="Site name">
            <value><![CDATA[Ashton's Composting Ltd]]></value>
          </Data>
          <Data name="County">
            <value>East Yorkshire</value>
          </Data>
          <Data name="Postcode">
            <value>DN14 7ND</value>
          </Data>
        </ExtendedData>
      </Placemark>
      <Placemark>
        <name>The Green Waste Company (Abergavenny) Ltd</name>
        <address>NP7 8AY</address>
        <description><![CDATA[Site name: Maindiff Court Farm<br>County: Monmouthshire<br>Postcode: NP7 8AY]]></description>
        <styleUrl>#icon-1769-9C27B0</styleUrl>
        <ExtendedData>
          <Data name="Site name">
            <value>Maindiff Court Farm</value>
          </Data>
          <Data name="County">
            <value>Monmouthshire</value>
          </Data>
          <Data name="Postcode">
            <value>NP7 8AY</value>
          </Data>
        </ExtendedData>
      </Placemark>
      <Placemark>
        <name>Yorwaste</name>
        <address>DL10 6AB</address>
        <description><![CDATA[Site name: Yorwaste Ltd<br>County: North Yorkshire<br>Postcode: DL10 6AB]]></description>
        <styleUrl>#icon-1769-9C27B0</styleUrl>
        <ExtendedData>
          <Data name="Site name">
            <value>Yorwaste Ltd</value>
          </Data>
          <Data name="County">
            <value>North Yorkshire</value>
          </Data>
          <Data name="Postcode">
            <value>DL10 6AB</value>
          </Data>
        </ExtendedData>
      </Placemark>
      <Placemark>
        <name>MD Recycling Ltd</name>
        <address>SA43 1RD</address>
        <description><![CDATA[Site name: Crugmore Farm<br>County: Ceredigion<br>Postcode: SA43 1RD]]></description>
        <styleUrl>#icon-1769-9C27B0</styleUrl>
        <ExtendedData>
          <Data name="Site name">
            <value>Crugmore Farm</value>
          </Data>
          <Data name="County">
            <value>Ceredigion</value>
          </Data>
          <Data name="Postcode">
            <value>SA43 1RD</value>
          </Data>
        </ExtendedData>
      </Placemark>
      <Placemark>
        <name>FCC Environment (UK) Ltd</name>
        <address>OX14 4PW</address>
        <description><![CDATA[Site name: Sutton Courtney Compost Facility<br>County: Oxfordshire<br>Postcode: OX14 4PW]]></description>
        <styleUrl>#icon-1769-9C27B0</styleUrl>
        <ExtendedData>
          <Data name="Site name">
            <value>Sutton Courtney Compost Facility</value>
          </Data>
          <Data name="County">
            <value>Oxfordshire</value>
          </Data>
          <Data name="Postcode">
            <value>OX14 4PW</value>
          </Data>
        </ExtendedData>
      </Placemark>
      <Placemark>
        <name>Envar Composting</name>
        <address>KT16 0EF</address>
        <description><![CDATA[Site name: Kitsmead Recycling Centre<br>County: Surrey<br>Postcode: KT16 0EF]]></description>
        <styleUrl>#icon-1769-9C27B0</styleUrl>
        <ExtendedData>
          <Data name="Site name">
            <value>Kitsmead Recycling Centre</value>
          </Data>
          <Data name="County">
            <value>Surrey</value>
          </Data>
          <Data name="Postcode">
            <value>KT16 0EF</value>
          </Data>
        </ExtendedData>
      </Placemark>
      <Placemark>
        <name>Jack Moody Recycling</name>
        <address>CV9 3DT</address>
        <description><![CDATA[Site name: Grendon Recycling<br>County: Atherstone<br>Postcode: CV9 3DT]]></description>
        <styleUrl>#icon-1769-9C27B0</styleUrl>
        <ExtendedData>
          <Data name="Site name">
            <value>Grendon Recycling</value>
          </Data>
          <Data name="County">
            <value>Atherstone</value>
          </Data>
          <Data name="Postcode">
            <value>CV9 3DT</value>
          </Data>
        </ExtendedData>
      </Placemark>
      <Placemark>
        <name>Willen Biogas Ltd</name>
        <address>EN2 8AU</address>
        <description><![CDATA[Site name: Cattlegate Farm<br>County: Hertfordshire<br>Postcode: EN2 8AU]]></description>
        <styleUrl>#icon-1769-9C27B0</styleUrl>
        <ExtendedData>
          <Data name="Site name">
            <value>Cattlegate Farm</value>
          </Data>
          <Data name="County">
            <value>Hertfordshire</value>
          </Data>
          <Data name="Postcode">
            <value>EN2 8AU</value>
          </Data>
        </ExtendedData>
      </Placemark>
      <Placemark>
        <name>New Earth Solutions (West) Limited t/a Mid-UK Recycling</name>
        <address>NG33 5LY</address>
        <description><![CDATA[Site name: Honey Pot Lane<br>County: Lincolnshire<br>Postcode: NG33 5LY]]></description>
        <styleUrl>#icon-1769-9C27B0</styleUrl>
        <ExtendedData>
          <Data name="Site name">
            <value>Honey Pot Lane</value>
          </Data>
          <Data name="County">
            <value>Lincolnshire</value>
          </Data>
          <Data name="Postcode">
            <value>NG33 5LY</value>
          </Data>
        </ExtendedData>
      </Placemark>
      <Placemark>
        <name>Regeneration Services Ltd</name>
        <address>GU32 1ED</address>
        <description><![CDATA[Site name: Bensgreen Farm<br>County: Hampshire<br>Postcode: GU32 1ED]]></description>
        <styleUrl>#icon-1769-9C27B0</styleUrl>
        <ExtendedData>
          <Data name="Site name">
            <value>Bensgreen Farm</value>
          </Data>
          <Data name="County">
            <value>Hampshire</value>
          </Data>
          <Data name="Postcode">
            <value>GU32 1ED</value>
          </Data>
        </ExtendedData>
      </Placemark>
      <Placemark>
        <name><![CDATA[D & K J Bragg]]></name>
        <address>PL19 8NN</address>
        <description><![CDATA[Site name: Higher Artiscombe Farm<br>County: Devon<br>Postcode: PL19 8NN]]></description>
        <styleUrl>#icon-1769-9C27B0</styleUrl>
        <ExtendedData>
          <Data name="Site name">
            <value>Higher Artiscombe Farm</value>
          </Data>
          <Data name="County">
            <value>Devon</value>
          </Data>
          <Data name="Postcode">
            <value>PL19 8NN</value>
          </Data>
        </ExtendedData>
      </Placemark>
      <Placemark>
        <name>Acton House Farm</name>
        <address>BT35 6TA</address>
        <description><![CDATA[Site name: Acton House Farm<br>County: County Down<br>Postcode: BT35 6TA]]></description>
        <styleUrl>#icon-1769-9C27B0</styleUrl>
        <ExtendedData>
          <Data name="Site name">
            <value>Acton House Farm</value>
          </Data>
          <Data name="County">
            <value>County Down</value>
          </Data>
          <Data name="Postcode">
            <value>BT35 6TA</value>
          </Data>
        </ExtendedData>
      </Placemark>
      <Placemark>
        <name>Land Network (Gainsborough) Limited</name>
        <address>DN21 5PB</address>
        <description><![CDATA[Site name: Land Network (Gainsborough) Limited<br>County: Lincolnshire<br>Postcode: DN21 5PB]]></description>
        <styleUrl>#icon-1769-9C27B0</styleUrl>
        <ExtendedData>
          <Data name="Site name">
            <value>Land Network (Gainsborough) Limited</value>
          </Data>
          <Data name="County">
            <value>Lincolnshire</value>
          </Data>
          <Data name="Postcode">
            <value>DN21 5PB</value>
          </Data>
        </ExtendedData>
      </Placemark>
      <Placemark>
        <name>Fife Resource Solutions</name>
        <address>KY12 0RX</address>
        <description><![CDATA[Site name: Lochhead Landfill<br>County: Dunfermline<br>Postcode: KY12 0RX]]></description>
        <styleUrl>#icon-1769-9C27B0</styleUrl>
        <ExtendedData>
          <Data name="Site name">
            <value>Lochhead Landfill</value>
          </Data>
          <Data name="County">
            <value>Dunfermline</value>
          </Data>
          <Data name="Postcode">
            <value>KY12 0RX</value>
          </Data>
        </ExtendedData>
      </Placemark>
      <Placemark>
        <name>Scott Bros Environmental Services Ltd</name>
        <address>TS23 1PX</address>
        <description><![CDATA[Site name: Norton Bottoms<br>County: County Durham<br>Postcode: TS23 1PX]]></description>
        <styleUrl>#icon-1769-9C27B0</styleUrl>
        <ExtendedData>
          <Data name="Site name">
            <value>Norton Bottoms</value>
          </Data>
          <Data name="County">
            <value>County Durham</value>
          </Data>
          <Data name="Postcode">
            <value>TS23 1PX</value>
          </Data>
        </ExtendedData>
      </Placemark>
      <Placemark>
        <name>Forth Resource Management Ltd</name>
        <address>PH2 9PX</address>
        <description><![CDATA[Site name: Glenfarg Composting Site<br>County: <br>Postcode: PH2 9PX]]></description>
        <styleUrl>#icon-1769-9C27B0</styleUrl>
        <ExtendedData>
          <Data name="Site name">
            <value>Glenfarg Composting Site</value>
          </Data>
          <Data name="County">
            <value/>
          </Data>
          <Data name="Postcode">
            <value>PH2 9PX</value>
          </Data>
        </ExtendedData>
      </Placemark>
      <Placemark>
        <name><![CDATA[J & F Powner Limited]]></name>
        <address>LE10 3AW</address>
        <description><![CDATA[Site name: Manor Farm<br>County: Leicestershire<br>Postcode: LE10 3AW]]></description>
        <styleUrl>#icon-1769-9C27B0</styleUrl>
        <ExtendedData>
          <Data name="Site name">
            <value>Manor Farm</value>
          </Data>
          <Data name="County">
            <value>Leicestershire</value>
          </Data>
          <Data name="Postcode">
            <value>LE10 3AW</value>
          </Data>
        </ExtendedData>
      </Placemark>
      <Placemark>
        <name>Biowise Ltd</name>
        <address>BD10 0NS</address>
        <description><![CDATA[Site name: Biowise Ltd Esholt<br>County: West Yorkshire<br>Postcode: BD10 0NS]]></description>
        <styleUrl>#icon-1769-9C27B0</styleUrl>
        <ExtendedData>
          <Data name="Site name">
            <value>Biowise Ltd Esholt</value>
          </Data>
          <Data name="County">
            <value>West Yorkshire</value>
          </Data>
          <Data name="Postcode">
            <value>BD10 0NS</value>
          </Data>
        </ExtendedData>
      </Placemark>
      <Placemark>
        <name>DWML Group Ltd (T/A Coastal Organics)</name>
        <address>TQ12 3DZ</address>
        <description><![CDATA[Site name: Bickley Ball Composting site<br>County: Devon<br>Postcode: TQ12 3DZ]]></description>
        <styleUrl>#icon-1769-9C27B0</styleUrl>
        <ExtendedData>
          <Data name="Site name">
            <value>Bickley Ball Composting site</value>
          </Data>
          <Data name="County">
            <value>Devon</value>
          </Data>
          <Data name="Postcode">
            <value>TQ12 3DZ</value>
          </Data>
        </ExtendedData>
      </Placemark>
      <Placemark>
        <name>Freeland Horticulture Ltd</name>
        <address>CF3 2EH</address>
        <description><![CDATA[Site name: Lamby Way<br>County: <br>Postcode: CF3 2EH]]></description>
        <styleUrl>#icon-1769-9C27B0</styleUrl>
        <ExtendedData>
          <Data name="Site name">
            <value>Lamby Way</value>
          </Data>
          <Data name="County">
            <value/>
          </Data>
          <Data name="Postcode">
            <value>CF3 2EH</value>
          </Data>
        </ExtendedData>
      </Placemark>
      <Placemark>
        <name>The Green Waste Company (Downs Farm)</name>
        <address>TR27 6LH</address>
        <description><![CDATA[Site name: Splattenridden Farm<br>County: Cornwall<br>Postcode: TR27 6LH]]></description>
        <styleUrl>#icon-1769-9C27B0</styleUrl>
        <ExtendedData>
          <Data name="Site name">
            <value>Splattenridden Farm</value>
          </Data>
          <Data name="County">
            <value>Cornwall</value>
          </Data>
          <Data name="Postcode">
            <value>TR27 6LH</value>
          </Data>
        </ExtendedData>
      </Placemark>
      <Placemark>
        <name>SED Services Ltd</name>
        <address>L38 5DA</address>
        <description><![CDATA[Site name: SED Hightown<br>County: <br>Postcode: L38 5DA]]></description>
        <styleUrl>#icon-1769-9C27B0</styleUrl>
        <ExtendedData>
          <Data name="Site name">
            <value>SED Hightown</value>
          </Data>
          <Data name="County">
            <value/>
          </Data>
          <Data name="Postcode">
            <value>L38 5DA</value>
          </Data>
        </ExtendedData>
      </Placemark>
      <Placemark>
        <name>DWML Group Ltd (T/A Coastal Organics)</name>
        <address>EX38 7JA</address>
        <description><![CDATA[Site name: Deep Moor Civic Amenity & Composting site<br>County: Devon<br>Postcode: EX38 7JA]]></description>
        <styleUrl>#icon-1769-9C27B0</styleUrl>
        <ExtendedData>
          <Data name="Site name">
            <value><![CDATA[Deep Moor Civic Amenity & Composting site]]></value>
          </Data>
          <Data name="County">
            <value>Devon</value>
          </Data>
          <Data name="Postcode">
            <value>EX38 7JA</value>
          </Data>
        </ExtendedData>
      </Placemark>
      <Placemark>
        <name>Hope Farm Ltd</name>
        <address>CT18 7EG</address>
        <description><![CDATA[Site name: Hope Farm<br>County: Kent<br>Postcode: CT18 7EG]]></description>
        <styleUrl>#icon-1769-9C27B0</styleUrl>
        <ExtendedData>
          <Data name="Site name">
            <value>Hope Farm</value>
          </Data>
          <Data name="County">
            <value>Kent</value>
          </Data>
          <Data name="Postcode">
            <value>CT18 7EG</value>
          </Data>
        </ExtendedData>
      </Placemark>
      <Placemark>
        <name>Veolia UK Ltd</name>
        <address>CV23 9HH</address>
        <description><![CDATA[Site name: Ling Hall<br>County: Warwickshire<br>Postcode: CV23 9HH]]></description>
        <styleUrl>#icon-1769-9C27B0</styleUrl>
        <ExtendedData>
          <Data name="Site name">
            <value>Ling Hall</value>
          </Data>
          <Data name="County">
            <value>Warwickshire</value>
          </Data>
          <Data name="Postcode">
            <value>CV23 9HH</value>
          </Data>
        </ExtendedData>
      </Placemark>
      <Placemark>
        <name>Renewi</name>
        <address>WF9 3TH</address>
        <description><![CDATA[Site name: Wakefield IVC<br>County: West Yorkshire<br>Postcode: WF9 3TH]]></description>
        <styleUrl>#icon-1769-9C27B0</styleUrl>
        <ExtendedData>
          <Data name="Site name">
            <value>Wakefield IVC</value>
          </Data>
          <Data name="County">
            <value>West Yorkshire</value>
          </Data>
          <Data name="Postcode">
            <value>WF9 3TH</value>
          </Data>
        </ExtendedData>
      </Placemark>
      <Placemark>
        <name>Envar - Kilsby Composting</name>
        <address>CV23 8XF</address>
        <description><![CDATA[Site name: Kilsby Composting & Recycling Facility<br>County: Warwickshire<br>Postcode: CV23 8XF]]></description>
        <styleUrl>#icon-1769-9C27B0</styleUrl>
        <ExtendedData>
          <Data name="Site name">
            <value><![CDATA[Kilsby Composting & Recycling Facility]]></value>
          </Data>
          <Data name="County">
            <value>Warwickshire</value>
          </Data>
          <Data name="Postcode">
            <value>CV23 8XF</value>
          </Data>
        </ExtendedData>
      </Placemark>
      <Placemark>
        <name>Newport City Council</name>
        <address>NP20 2NS</address>
        <description><![CDATA[Site name: Docksway Recycling Centre<br>County: Gwent<br>Postcode: NP20 2NS]]></description>
        <styleUrl>#icon-1769-9C27B0</styleUrl>
        <ExtendedData>
          <Data name="Site name">
            <value>Docksway Recycling Centre</value>
          </Data>
          <Data name="County">
            <value>Gwent</value>
          </Data>
          <Data name="Postcode">
            <value>NP20 2NS</value>
          </Data>
        </ExtendedData>
      </Placemark>
      <Placemark>
        <name>Llantrisant Recycling Limited</name>
        <address>CF72 8YY</address>
        <description><![CDATA[Site name: Llantrisant Recycling Centre<br>County: Llantrisant<br>Postcode: CF72 8YY]]></description>
        <styleUrl>#icon-1769-9C27B0</styleUrl>
        <ExtendedData>
          <Data name="Site name">
            <value>Llantrisant Recycling Centre</value>
          </Data>
          <Data name="County">
            <value>Llantrisant</value>
          </Data>
          <Data name="Postcode">
            <value>CF72 8YY</value>
          </Data>
        </ExtendedData>
      </Placemark>
      <Placemark>
        <name>South West Composting</name>
        <address>PL8 2DB</address>
        <description><![CDATA[Site name: Venn Farm<br>County: Devon<br>Postcode: PL8 2DB]]></description>
        <styleUrl>#icon-1769-9C27B0</styleUrl>
        <ExtendedData>
          <Data name="Site name">
            <value>Venn Farm</value>
          </Data>
          <Data name="County">
            <value>Devon</value>
          </Data>
          <Data name="Postcode">
            <value>PL8 2DB</value>
          </Data>
        </ExtendedData>
      </Placemark>
      <Placemark>
        <name>South Ayrshire Council</name>
        <address>KA9 2NS</address>
        <description><![CDATA[Site name: Glenburn Composting Site<br>County: <br>Postcode: KA9 2NS]]></description>
        <styleUrl>#icon-1769-9C27B0</styleUrl>
        <ExtendedData>
          <Data name="Site name">
            <value>Glenburn Composting Site</value>
          </Data>
          <Data name="County">
            <value/>
          </Data>
          <Data name="Postcode">
            <value>KA9 2NS</value>
          </Data>
        </ExtendedData>
      </Placemark>
      <Placemark>
        <name>Yorwaste Ltd</name>
        <address>YO23 3RR</address>
        <description><![CDATA[Site name: Harewood Whin<br>County: <br>Postcode: YO23 3RR]]></description>
        <styleUrl>#icon-1769-9C27B0</styleUrl>
        <ExtendedData>
          <Data name="Site name">
            <value>Harewood Whin</value>
          </Data>
          <Data name="County">
            <value/>
          </Data>
          <Data name="Postcode">
            <value>YO23 3RR</value>
          </Data>
        </ExtendedData>
      </Placemark>
      <Placemark>
        <name>Biowise Ltd</name>
        <address>CW1 4QQ</address>
        <description><![CDATA[Site name: Leighton Grange IVC<br>County: <br>Postcode: CW1 4QQ]]></description>
        <styleUrl>#icon-1769-9C27B0</styleUrl>
        <ExtendedData>
          <Data name="Site name">
            <value>Leighton Grange IVC</value>
          </Data>
          <Data name="County">
            <value/>
          </Data>
          <Data name="Postcode">
            <value>CW1 4QQ</value>
          </Data>
        </ExtendedData>
      </Placemark>
      <Placemark>
        <name>Durham County Council</name>
        <address>DH6 4RT</address>
        <description><![CDATA[Site name: Joint Stocks Landfill Site<br>County: <br>Postcode: DH6 4RT]]></description>
        <styleUrl>#icon-1769-9C27B0</styleUrl>
        <ExtendedData>
          <Data name="Site name">
            <value>Joint Stocks Landfill Site</value>
          </Data>
          <Data name="County">
            <value/>
          </Data>
          <Data name="Postcode">
            <value>DH6 4RT</value>
          </Data>
        </ExtendedData>
      </Placemark>
      <Placemark>
        <name>MF Bennion (Potatoes) Ltd</name>
        <address>GL18 2EF</address>
        <description><![CDATA[Site name: Rose Hill Farm<br>County: Gloucestershire<br>Postcode: GL18 2EF]]></description>
        <styleUrl>#icon-1769-9C27B0</styleUrl>
        <ExtendedData>
          <Data name="Site name">
            <value>Rose Hill Farm</value>
          </Data>
          <Data name="County">
            <value>Gloucestershire</value>
          </Data>
          <Data name="Postcode">
            <value>GL18 2EF</value>
          </Data>
        </ExtendedData>
      </Placemark>
      <Placemark>
        <name>Yorwaste</name>
        <address>YO12 4QA</address>
        <description><![CDATA[Site name: Seamer Carr<br>County: North Yorkshire<br>Postcode: YO12 4QA]]></description>
        <styleUrl>#icon-1769-9C27B0</styleUrl>
        <ExtendedData>
          <Data name="Site name">
            <value>Seamer Carr</value>
          </Data>
          <Data name="County">
            <value>North Yorkshire</value>
          </Data>
          <Data name="Postcode">
            <value>YO12 4QA</value>
          </Data>
        </ExtendedData>
      </Placemark>
      <Placemark>
        <name>Material Change Composting Limited</name>
        <address>MK18 6AG</address>
        <description><![CDATA[Site name: Maids Moreton Compost Site<br>County: Buckinghamshire<br>Postcode: MK18 6AG]]></description>
        <styleUrl>#icon-1769-9C27B0</styleUrl>
        <ExtendedData>
          <Data name="Site name">
            <value>Maids Moreton Compost Site</value>
          </Data>
          <Data name="County">
            <value>Buckinghamshire</value>
          </Data>
          <Data name="Postcode">
            <value>MK18 6AG</value>
          </Data>
        </ExtendedData>
      </Placemark>
      <Placemark>
        <name>Welland Waste Management Ltd</name>
        <address>LE17 6NJ</address>
        <description><![CDATA[Site name: Pebble Hall<br>County: Leicestershire<br>Postcode: LE17 6NJ]]></description>
        <styleUrl>#icon-1769-9C27B0</styleUrl>
        <ExtendedData>
          <Data name="Site name">
            <value>Pebble Hall</value>
          </Data>
          <Data name="County">
            <value>Leicestershire</value>
          </Data>
          <Data name="Postcode">
            <value>LE17 6NJ</value>
          </Data>
        </ExtendedData>
      </Placemark>
      <Placemark>
        <name>Allium Helmsley Limited</name>
        <address>YO7 4EJ</address>
        <description><![CDATA[Site name: Sandhutton Compost Site<br>County: <br>Postcode: YO7 4EJ]]></description>
        <styleUrl>#icon-1769-9C27B0</styleUrl>
        <ExtendedData>
          <Data name="Site name">
            <value>Sandhutton Compost Site</value>
          </Data>
          <Data name="County">
            <value/>
          </Data>
          <Data name="Postcode">
            <value>YO7 4EJ</value>
          </Data>
        </ExtendedData>
      </Placemark>
      <Placemark>
        <name>Growing Beds Recycling Services Ltd</name>
        <address>MK19 7HD</address>
        <description><![CDATA[Site name: Home Farm<br>County: Buckinghamshire<br>Postcode: MK19 7HD]]></description>
        <styleUrl>#icon-1769-9C27B0</styleUrl>
        <ExtendedData>
          <Data name="Site name">
            <value>Home Farm</value>
          </Data>
          <Data name="County">
            <value>Buckinghamshire</value>
          </Data>
          <Data name="Postcode">
            <value>MK19 7HD</value>
          </Data>
        </ExtendedData>
      </Placemark>
      <Placemark>
        <name>Enviro Grind Ltd</name>
        <address>F94 YR13</address>
        <description><![CDATA[Site name: Enviro Grind Ltd<br>County: County Donegal<br>Postcode: F94 YR13]]></description>
        <styleUrl>#icon-1769-9C27B0</styleUrl>
        <ExtendedData>
          <Data name="Site name">
            <value>Enviro Grind Ltd</value>
          </Data>
          <Data name="County">
            <value>County Donegal</value>
          </Data>
          <Data name="Postcode">
            <value>F94 YR13</value>
          </Data>
        </ExtendedData>
      </Placemark>
      <Placemark>
        <name>Friction Energy</name>
        <address>DA4 9LB</address>
        <description><![CDATA[Site name: St Margaret's Farm<br>County: <br>Postcode: DA4 9LB]]></description>
        <styleUrl>#icon-1769-9C27B0</styleUrl>
        <ExtendedData>
          <Data name="Site name">
            <value><![CDATA[St Margaret's Farm]]></value>
          </Data>
          <Data name="County">
            <value/>
          </Data>
          <Data name="Postcode">
            <value>DA4 9LB</value>
          </Data>
        </ExtendedData>
      </Placemark>
      <Placemark>
        <name>SUEZ Environment</name>
        <address>NE63 9XS</address>
        <description><![CDATA[Site name: Ellington OWC<br>County: Northumberland<br>Postcode: NE63 9XS]]></description>
        <styleUrl>#icon-1769-9C27B0</styleUrl>
        <ExtendedData>
          <Data name="Site name">
            <value>Ellington OWC</value>
          </Data>
          <Data name="County">
            <value>Northumberland</value>
          </Data>
          <Data name="Postcode">
            <value>NE63 9XS</value>
          </Data>
        </ExtendedData>
      </Placemark>
      <Placemark>
        <name>The Woodhorn Group Ltd</name>
        <description><![CDATA[Site name: Tangmere Airfield<br>County: West Sussex<br>Postcode: PO20 2FT]]></description>
        <styleUrl>#icon-1769-9C27B0</styleUrl>
        <ExtendedData>
          <Data name="Site name">
            <value>Tangmere Airfield</value>
          </Data>
          <Data name="County">
            <value>West Sussex</value>
          </Data>
          <Data name="Postcode">
            <value>PO20 2FT</value>
          </Data>
        </ExtendedData>
        <Point>
          <coordinates>
            -0.6938596,50.8419829,0
          </coordinates>
        </Point>
      </Placemark>
      <Placemark>
        <name>Laverstoke Composting Ltd</name>
        <address>RG25 3DR</address>
        <description><![CDATA[Site name: Laverstoke Park Farm<br>County: Overton, Hampshire<br>Postcode: RG25 3DR]]></description>
        <styleUrl>#icon-1769-9C27B0</styleUrl>
        <ExtendedData>
          <Data name="Site name">
            <value>Laverstoke Park Farm</value>
          </Data>
          <Data name="County">
            <value>Overton, Hampshire</value>
          </Data>
          <Data name="Postcode">
            <value>RG25 3DR</value>
          </Data>
        </ExtendedData>
      </Placemark>
      <Placemark>
        <name>Forth Resource Management Ltd- East Fenton</name>
        <address>EH39 5AH</address>
        <description><![CDATA[Site name: East Fenton Farm<br>County: East Lothian<br>Postcode: EH39 5AH]]></description>
        <styleUrl>#icon-1769-9C27B0</styleUrl>
        <ExtendedData>
          <Data name="Site name">
            <value>East Fenton Farm</value>
          </Data>
          <Data name="County">
            <value>East Lothian</value>
          </Data>
          <Data name="Postcode">
            <value>EH39 5AH</value>
          </Data>
        </ExtendedData>
      </Placemark>
      <Placemark>
        <name>John Cooper Recycling Ltd</name>
        <address>PR26 6AB</address>
        <description><![CDATA[Site name: Farrington Moss Recycling Centre<br>County: Lancashire<br>Postcode: PR26 6AB]]></description>
        <styleUrl>#icon-1769-9C27B0</styleUrl>
        <ExtendedData>
          <Data name="Site name">
            <value>Farrington Moss Recycling Centre</value>
          </Data>
          <Data name="County">
            <value>Lancashire</value>
          </Data>
          <Data name="Postcode">
            <value>PR26 6AB</value>
          </Data>
        </ExtendedData>
      </Placemark>
      <Placemark>
        <name>Keenan Recycling Ltd</name>
        <address>AB53 6YH</address>
        <description><![CDATA[Site name: Hillhead of Auchreddie<br>County: Anderdeenshire<br>Postcode: AB53 6YH]]></description>
        <styleUrl>#icon-1769-9C27B0</styleUrl>
        <ExtendedData>
          <Data name="Site name">
            <value>Hillhead of Auchreddie</value>
          </Data>
          <Data name="County">
            <value>Anderdeenshire</value>
          </Data>
          <Data name="Postcode">
            <value>AB53 6YH</value>
          </Data>
        </ExtendedData>
      </Placemark>
      <Placemark>
        <name>Levenseat Ltd</name>
        <address>ML11 8EP</address>
        <description><![CDATA[Site name: Levenseat Waste Management<br>County: Lanarkshire<br>Postcode: ML11 8EP]]></description>
        <styleUrl>#icon-1769-9C27B0</styleUrl>
        <ExtendedData>
          <Data name="Site name">
            <value>Levenseat Waste Management</value>
          </Data>
          <Data name="County">
            <value>Lanarkshire</value>
          </Data>
          <Data name="Postcode">
            <value>ML11 8EP</value>
          </Data>
        </ExtendedData>
      </Placemark>
      <Placemark>
        <name>Natural World Products (green waste)</name>
        <address>BT60 3RA</address>
        <description><![CDATA[Site name: Natural World Products<br>County: Co Armagh<br>Postcode: BT60 3RA]]></description>
        <styleUrl>#icon-1769-9C27B0</styleUrl>
        <ExtendedData>
          <Data name="Site name">
            <value>Natural World Products</value>
          </Data>
          <Data name="County">
            <value>Co Armagh</value>
          </Data>
          <Data name="Postcode">
            <value>BT60 3RA</value>
          </Data>
        </ExtendedData>
      </Placemark>
      <Placemark>
        <name>Natural World Products</name>
        <address>BT17 0LH</address>
        <description><![CDATA[Site name: Glenside Quarry<br>County: Co Armagh<br>Postcode: BT17 0LH]]></description>
        <styleUrl>#icon-1769-9C27B0</styleUrl>
        <ExtendedData>
          <Data name="Site name">
            <value>Glenside Quarry</value>
          </Data>
          <Data name="County">
            <value>Co Armagh</value>
          </Data>
          <Data name="Postcode">
            <value>BT17 0LH</value>
          </Data>
        </ExtendedData>
      </Placemark>
      <Placemark>
        <name>Veolia Environmental Services</name>
        <address>RN13 9DA</address>
        <description><![CDATA[Site name: Rainham Lanfill Site<br>County: Essex<br>Postcode: RN13 9DA]]></description>
        <styleUrl>#icon-1769-9C27B0</styleUrl>
        <ExtendedData>
          <Data name="Site name">
            <value>Rainham Lanfill Site</value>
          </Data>
          <Data name="County">
            <value>Essex</value>
          </Data>
          <Data name="Postcode">
            <value>RN13 9DA</value>
          </Data>
        </ExtendedData>
      </Placemark>
      <Placemark>
        <name>FCC Environment (UK) Ltd</name>
        <address>IP28 8LD</address>
        <description><![CDATA[Site name: Freckenham Composting Facility<br>County: Suffolk<br>Postcode: IP28 8LD]]></description>
        <styleUrl>#icon-1769-9C27B0</styleUrl>
        <ExtendedData>
          <Data name="Site name">
            <value>Freckenham Composting Facility</value>
          </Data>
          <Data name="County">
            <value>Suffolk</value>
          </Data>
          <Data name="Postcode">
            <value>IP28 8LD</value>
          </Data>
        </ExtendedData>
      </Placemark>
      <Placemark>
        <name>Stubbs Copse Wood Yard</name>
        <address>BN18 9PQ</address>
        <description><![CDATA[Site name: Stubbs Copse Wood Yard<br>County: West Sussex<br>Postcode: BN18 9PQ]]></description>
        <styleUrl>#icon-1769-9C27B0</styleUrl>
        <ExtendedData>
          <Data name="Site name">
            <value>Stubbs Copse Wood Yard</value>
          </Data>
          <Data name="County">
            <value>West Sussex</value>
          </Data>
          <Data name="Postcode">
            <value>BN18 9PQ</value>
          </Data>
        </ExtendedData>
      </Placemark>
    </Folder>
    <Folder>
      <name>CCS and ABP sites</name>
      <Placemark>
        <name>Agripost Ltd</name>
        <address>SY5 9NQ</address>
        <description><![CDATA[Site name: Lower House<br>County: Shropshire<br>Postcode: SY5 9NQ]]></description>
        <styleUrl>#icon-1769-7CB342</styleUrl>
        <ExtendedData>
          <Data name="Site name">
            <value>Lower House</value>
          </Data>
          <Data name="County">
            <value>Shropshire</value>
          </Data>
          <Data name="Postcode">
            <value>SY5 9NQ</value>
          </Data>
        </ExtendedData>
      </Placemark>
      <Placemark>
        <name>Cumberlow Compost Services Ltd (T/A Cumberlows)</name>
        <address>SG9 0QD</address>
        <description><![CDATA[Site name: Cumberlow Green Farm<br>County: Hertfordshire<br>Postcode: SG9 0QD]]></description>
        <styleUrl>#icon-1769-7CB342</styleUrl>
        <ExtendedData>
          <Data name="Site name">
            <value>Cumberlow Green Farm</value>
          </Data>
          <Data name="County">
            <value>Hertfordshire</value>
          </Data>
          <Data name="Postcode">
            <value>SG9 0QD</value>
          </Data>
        </ExtendedData>
      </Placemark>
      <Placemark>
        <name>CWM Environmental Ltd</name>
        <address>SA32 8BG</address>
        <description><![CDATA[Site name: Nant-y-caws Composting Facility<br>County: Carmarthenshire<br>Postcode: SA32 8BG]]></description>
        <styleUrl>#icon-1769-7CB342</styleUrl>
        <ExtendedData>
          <Data name="Site name">
            <value>Nant-y-caws Composting Facility</value>
          </Data>
          <Data name="County">
            <value>Carmarthenshire</value>
          </Data>
          <Data name="Postcode">
            <value>SA32 8BG</value>
          </Data>
        </ExtendedData>
      </Placemark>
      <Placemark>
        <name>Enva Organics Recycling Ltd</name>
        <address>G74 2LE </address>
        <description><![CDATA[Site name: Edge Farm Composting Facility<br>County: East Kilbride<br>Postcode: G74 2LE ]]></description>
        <styleUrl>#icon-1769-7CB342</styleUrl>
        <ExtendedData>
          <Data name="Site name">
            <value>Edge Farm Composting Facility</value>
          </Data>
          <Data name="County">
            <value>East Kilbride</value>
          </Data>
          <Data name="Postcode">
            <value>G74 2LE </value>
          </Data>
        </ExtendedData>
      </Placemark>
      <Placemark>
        <name>Gray Composting Services Ltd</name>
        <address>AB45 2UL</address>
        <description><![CDATA[Site name: Ley Farm<br>County: Aberdeenshire<br>Postcode: AB45 2UL]]></description>
        <styleUrl>#icon-1769-7CB342</styleUrl>
        <ExtendedData>
          <Data name="Site name">
            <value>Ley Farm</value>
          </Data>
          <Data name="County">
            <value>Aberdeenshire</value>
          </Data>
          <Data name="Postcode">
            <value>AB45 2UL</value>
          </Data>
        </ExtendedData>
      </Placemark>
      <Placemark>
        <name>Keenan (Recycling) Limited</name>
        <address>AB53 6YH</address>
        <description><![CDATA[Site name: Hillhead of Auchreddie<br>County: Aberdeenshire<br>Postcode: AB53 6YH]]></description>
        <styleUrl>#icon-1769-7CB342</styleUrl>
        <ExtendedData>
          <Data name="Site name">
            <value>Hillhead of Auchreddie</value>
          </Data>
          <Data name="County">
            <value>Aberdeenshire</value>
          </Data>
          <Data name="Postcode">
            <value>AB53 6YH</value>
          </Data>
        </ExtendedData>
      </Placemark>
      <Placemark>
        <name>Biffa Waste Services Limited</name>
        <address>CV33 9PP</address>
        <description><![CDATA[Site name: Ufton IVC<br>County: Warwickshire<br>Postcode: CV33 9PP]]></description>
        <styleUrl>#icon-1769-7CB342</styleUrl>
        <ExtendedData>
          <Data name="Site name">
            <value>Ufton IVC</value>
          </Data>
          <Data name="County">
            <value>Warwickshire</value>
          </Data>
          <Data name="Postcode">
            <value>CV33 9PP</value>
          </Data>
        </ExtendedData>
      </Placemark>
      <Placemark>
        <name>Levenseat Ltd</name>
        <address>ML11 8EP</address>
        <description><![CDATA[Site name: Levenseat Waste Management Site<br>County: Lanarkshire<br>Postcode: ML11 8EP]]></description>
        <styleUrl>#icon-1769-7CB342</styleUrl>
        <ExtendedData>
          <Data name="Site name">
            <value>Levenseat Waste Management Site</value>
          </Data>
          <Data name="County">
            <value>Lanarkshire</value>
          </Data>
          <Data name="Postcode">
            <value>ML11 8EP</value>
          </Data>
        </ExtendedData>
      </Placemark>
      <Placemark>
        <name>New Earth Solutions (Kent) Ltd)</name>
        <address>ME19 4PN</address>
        <description><![CDATA[Site name: Blaise Farm Composting Facility<br>County: Kent<br>Postcode: ME19 4PN]]></description>
        <styleUrl>#icon-1769-7CB342</styleUrl>
        <ExtendedData>
          <Data name="Site name">
            <value>Blaise Farm Composting Facility</value>
          </Data>
          <Data name="County">
            <value>Kent</value>
          </Data>
          <Data name="Postcode">
            <value>ME19 4PN</value>
          </Data>
        </ExtendedData>
      </Placemark>
      <Placemark>
        <name><![CDATA[M & DI Kemp & Sons]]></name>
        <address>YO42 4ST</address>
        <description><![CDATA[Site name: Ryedale Farm<br>County: Yorkshire<br>Postcode: YO42 4ST]]></description>
        <styleUrl>#icon-1769-7CB342</styleUrl>
        <ExtendedData>
          <Data name="Site name">
            <value>Ryedale Farm</value>
          </Data>
          <Data name="County">
            <value>Yorkshire</value>
          </Data>
          <Data name="Postcode">
            <value>YO42 4ST</value>
          </Data>
        </ExtendedData>
      </Placemark>
      <Placemark>
        <name>Severn Trent Green Power (Ardley) Limited</name>
        <address>OX27 7JP</address>
        <description><![CDATA[Site name: Ardley IVC<br>County: Oxfordshire<br>Postcode: OX27 7JP]]></description>
        <styleUrl>#icon-1769-7CB342</styleUrl>
        <ExtendedData>
          <Data name="Site name">
            <value>Ardley IVC</value>
          </Data>
          <Data name="County">
            <value>Oxfordshire</value>
          </Data>
          <Data name="Postcode">
            <value>OX27 7JP</value>
          </Data>
        </ExtendedData>
      </Placemark>
      <Placemark>
        <name>SUEZ Environment</name>
        <address>SK17 7JB</address>
        <description><![CDATA[Site name: Waterswallows IWMF<br>County: Buxton<br>Postcode: SK17 7JB]]></description>
        <styleUrl>#icon-1769-7CB342</styleUrl>
        <ExtendedData>
          <Data name="Site name">
            <value>Waterswallows IWMF</value>
          </Data>
          <Data name="County">
            <value>Buxton</value>
          </Data>
          <Data name="Postcode">
            <value>SK17 7JB</value>
          </Data>
        </ExtendedData>
      </Placemark>
      <Placemark>
        <name>SUEZ Environment</name>
        <address>S44 5DN</address>
        <description><![CDATA[Site name: Arkwright IVC<br>County: Chesterfield<br>Postcode: S44 5DN]]></description>
        <styleUrl>#icon-1769-7CB342</styleUrl>
        <ExtendedData>
          <Data name="Site name">
            <value>Arkwright IVC</value>
          </Data>
          <Data name="County">
            <value>Chesterfield</value>
          </Data>
          <Data name="Postcode">
            <value>S44 5DN</value>
          </Data>
        </ExtendedData>
      </Placemark>
      <Placemark>
        <name>Tamar Organics T/A Biogen</name>
        <address>IP28 6HJ</address>
        <description><![CDATA[Site name: Tamar Lackford<br>County: Suffolk<br>Postcode: IP28 6HJ]]></description>
        <styleUrl>#icon-1769-7CB342</styleUrl>
        <ExtendedData>
          <Data name="Site name">
            <value>Tamar Lackford</value>
          </Data>
          <Data name="County">
            <value>Suffolk</value>
          </Data>
          <Data name="Postcode">
            <value>IP28 6HJ</value>
          </Data>
        </ExtendedData>
      </Placemark>
      <Placemark>
        <name>Veolia Environmental Services (Hants) Ltd Little Bushy Warren</name>
        <address>RG25 2NS</address>
        <description><![CDATA[Site name: Little Bushy Warren<br>County: Hampshire<br>Postcode: RG25 2NS]]></description>
        <styleUrl>#icon-1769-7CB342</styleUrl>
        <ExtendedData>
          <Data name="Site name">
            <value>Little Bushy Warren</value>
          </Data>
          <Data name="County">
            <value>Hampshire</value>
          </Data>
          <Data name="Postcode">
            <value>RG25 2NS</value>
          </Data>
        </ExtendedData>
      </Placemark>
      <Placemark>
        <name>Veolia ES West Berkshire Ltd</name>
        <address>RG7 4HY</address>
        <description><![CDATA[Site name: Padworth IWMF<br>County: Berkshire<br>Postcode: RG7 4HY]]></description>
        <styleUrl>#icon-1769-7CB342</styleUrl>
        <ExtendedData>
          <Data name="Site name">
            <value>Padworth IWMF</value>
          </Data>
          <Data name="County">
            <value>Berkshire</value>
          </Data>
          <Data name="Postcode">
            <value>RG7 4HY</value>
          </Data>
        </ExtendedData>
      </Placemark>
      <Placemark>
        <name>Vital Earth GB Ltd</name>
        <address>DE6 1HA</address>
        <description><![CDATA[Site name: Blenheim Road<br>County: Derbyshire<br>Postcode: DE6 1HA]]></description>
        <styleUrl>#icon-1769-7CB342</styleUrl>
        <ExtendedData>
          <Data name="Site name">
            <value>Blenheim Road</value>
          </Data>
          <Data name="County">
            <value>Derbyshire</value>
          </Data>
          <Data name="Postcode">
            <value>DE6 1HA</value>
          </Data>
        </ExtendedData>
      </Placemark>
      <Placemark>
        <name>West London Composting Ltd</name>
        <address>UB9 6LX</address>
        <description><![CDATA[Site name: Highview Farm<br>County: Middlesex<br>Postcode: UB9 6LX]]></description>
        <styleUrl>#icon-1769-7CB342</styleUrl>
        <ExtendedData>
          <Data name="Site name">
            <value>Highview Farm</value>
          </Data>
          <Data name="County">
            <value>Middlesex</value>
          </Data>
          <Data name="Postcode">
            <value>UB9 6LX</value>
          </Data>
        </ExtendedData>
      </Placemark>
      <Placemark>
        <name>Greenacre Composting Enterprises Ltd</name>
        <address>BT29 4HG</address>
        <description><![CDATA[Site name: Greenacre Composting Enterprises Ltd<br>County: Co Antrim<br>Postcode: BT29 4HG]]></description>
        <styleUrl>#icon-1769-7CB342</styleUrl>
        <ExtendedData>
          <Data name="Site name">
            <value>Greenacre Composting Enterprises Ltd</value>
          </Data>
          <Data name="County">
            <value>Co Antrim</value>
          </Data>
          <Data name="Postcode">
            <value>BT29 4HG</value>
          </Data>
        </ExtendedData>
      </Placemark>
      <Placemark>
        <name>Natural World Products (In-vessel)</name>
        <address>BT60 3RA</address>
        <description><![CDATA[Site name: Natural World Products (In-vessel)<br>County: County Armagh<br>Postcode: BT60 3RA]]></description>
        <styleUrl>#icon-1769-7CB342</styleUrl>
        <ExtendedData>
          <Data name="Site name">
            <value>Natural World Products (In-vessel)</value>
          </Data>
          <Data name="County">
            <value>County Armagh</value>
          </Data>
          <Data name="Postcode">
            <value>BT60 3RA</value>
          </Data>
        </ExtendedData>
      </Placemark>
      <Placemark>
        <name>Earnside Energy Ltd</name>
        <address>PH2 9PX</address>
        <description><![CDATA[Site name: Binn Farm<br>County: Perth and Kinross<br>Postcode: PH2 9PX]]></description>
        <styleUrl>#icon-1769-7CB342</styleUrl>
        <ExtendedData>
          <Data name="Site name">
            <value>Binn Farm</value>
          </Data>
          <Data name="County">
            <value>Perth and Kinross</value>
          </Data>
          <Data name="Postcode">
            <value>PH2 9PX</value>
          </Data>
        </ExtendedData>
      </Placemark>
      <Placemark>
        <name>Biowise Ltd</name>
        <address>HU10 6TS</address>
        <description><![CDATA[Site name: Albion Lane IVC<br>County: East Yorkshire<br>Postcode: HU10 6TS]]></description>
        <styleUrl>#icon-1769-7CB342</styleUrl>
        <ExtendedData>
          <Data name="Site name">
            <value>Albion Lane IVC</value>
          </Data>
          <Data name="County">
            <value>East Yorkshire</value>
          </Data>
          <Data name="Postcode">
            <value>HU10 6TS</value>
          </Data>
        </ExtendedData>
      </Placemark>
      <Placemark>
        <name>Amey</name>
        <address>CB25 9PG</address>
        <description><![CDATA[Site name: Waterbeach IVC<br>County: Cambridgeshire<br>Postcode: CB25 9PG]]></description>
        <styleUrl>#icon-1769-7CB342</styleUrl>
        <ExtendedData>
          <Data name="Site name">
            <value>Waterbeach IVC</value>
          </Data>
          <Data name="County">
            <value>Cambridgeshire</value>
          </Data>
          <Data name="Postcode">
            <value>CB25 9PG</value>
          </Data>
        </ExtendedData>
      </Placemark>
      <Placemark>
        <name><![CDATA[Ashton's Composting Ltd]]></name>
        <address>DN14 7ND</address>
        <description><![CDATA[Site name: Ivy House Farm<br>County: East Yorkshire<br>Postcode: DN14 7ND]]></description>
        <styleUrl>#icon-1769-7CB342</styleUrl>
        <ExtendedData>
          <Data name="Site name">
            <value>Ivy House Farm</value>
          </Data>
          <Data name="County">
            <value>East Yorkshire</value>
          </Data>
          <Data name="Postcode">
            <value>DN14 7ND</value>
          </Data>
        </ExtendedData>
      </Placemark>
      <Placemark>
        <name>Biowise Ltd</name>
        <address>CW1 4QQ</address>
        <description><![CDATA[Site name: Leighton Grange IVC<br>County: Crewe<br>Postcode: CW1 4QQ]]></description>
        <styleUrl>#icon-1769-7CB342</styleUrl>
        <ExtendedData>
          <Data name="Site name">
            <value>Leighton Grange IVC</value>
          </Data>
          <Data name="County">
            <value>Crewe</value>
          </Data>
          <Data name="Postcode">
            <value>CW1 4QQ</value>
          </Data>
        </ExtendedData>
      </Placemark>
      <Placemark>
        <name>Brosters Environmental</name>
        <address>OL14 7AF</address>
        <description><![CDATA[Site name: Sharneyford Works<br>County: West Yorkshire<br>Postcode: OL14 7AF]]></description>
        <styleUrl>#icon-1769-7CB342</styleUrl>
        <ExtendedData>
          <Data name="Site name">
            <value>Sharneyford Works</value>
          </Data>
          <Data name="County">
            <value>West Yorkshire</value>
          </Data>
          <Data name="Postcode">
            <value>OL14 7AF</value>
          </Data>
        </ExtendedData>
      </Placemark>
      <Placemark>
        <name>Envar Composting Ltd</name>
        <address>PE28 3BS</address>
        <description><![CDATA[Site name: THe Heath<br>County: Cambridgeshire<br>Postcode: PE28 3BS]]></description>
        <styleUrl>#icon-1769-7CB342</styleUrl>
        <ExtendedData>
          <Data name="Site name">
            <value>THe Heath</value>
          </Data>
          <Data name="County">
            <value>Cambridgeshire</value>
          </Data>
          <Data name="Postcode">
            <value>PE28 3BS</value>
          </Data>
        </ExtendedData>
      </Placemark>
    </Folder>
    <Folder>
      <name>ABP (Animal by-product) approved facilities</name>
      <Placemark>
        <name>Agriorganics Ltd</name>
        <address>CA7 4PE</address>
        <description><![CDATA[Town: SILLOTH<br>Postcode: CA7 4PE]]></description>
        <styleUrl>#icon-1899-DB4436</styleUrl>
        <ExtendedData>
          <Data name="Town">
            <value>SILLOTH</value>
          </Data>
          <Data name="Postcode">
            <value>CA7 4PE</value>
          </Data>
        </ExtendedData>
      </Placemark>
      <Placemark>
        <name>Allium Helmsley Ltd</name>
        <address>YO61 1TU</address>
        <description><![CDATA[Town: York<br>Postcode: YO61 1TU]]></description>
        <styleUrl>#icon-1899-DB4436</styleUrl>
        <ExtendedData>
          <Data name="Town">
            <value>York</value>
          </Data>
          <Data name="Postcode">
            <value>YO61 1TU</value>
          </Data>
        </ExtendedData>
      </Placemark>
      <Placemark>
        <name>Biffa Waste Services</name>
        <address>DE65 6GX</address>
        <description><![CDATA[Town: ETWALL<br>Postcode: DE65 6GX]]></description>
        <styleUrl>#icon-1899-DB4436</styleUrl>
        <ExtendedData>
          <Data name="Town">
            <value>ETWALL</value>
          </Data>
          <Data name="Postcode">
            <value>DE65 6GX</value>
          </Data>
        </ExtendedData>
      </Placemark>
      <Placemark>
        <name>Jack Moody Ltd</name>
        <address>WV10 7LX</address>
        <description><![CDATA[Town: Wolverhampton<br>Postcode: WV10 7LX]]></description>
        <styleUrl>#icon-1899-DB4436</styleUrl>
        <ExtendedData>
          <Data name="Town">
            <value>Wolverhampton</value>
          </Data>
          <Data name="Postcode">
            <value>WV10 7LX</value>
          </Data>
        </ExtendedData>
      </Placemark>
      <Placemark>
        <name>New Earth Solutions (CANFORD) LTD</name>
        <address>BH21 3BW</address>
        <description><![CDATA[Town: Wimborne<br>Postcode: BH21 3BW]]></description>
        <styleUrl>#icon-1899-DB4436</styleUrl>
        <ExtendedData>
          <Data name="Town">
            <value>Wimborne</value>
          </Data>
          <Data name="Postcode">
            <value>BH21 3BW</value>
          </Data>
        </ExtendedData>
      </Placemark>
      <Placemark>
        <name>New Earth Solutions Ltd</name>
        <address>BS11 8AZ</address>
        <description><![CDATA[Town: Bristol<br>Postcode: BS11 8AZ]]></description>
        <styleUrl>#icon-1899-DB4436</styleUrl>
        <ExtendedData>
          <Data name="Town">
            <value>Bristol</value>
          </Data>
          <Data name="Postcode">
            <value>BS11 8AZ</value>
          </Data>
        </ExtendedData>
      </Placemark>
      <Placemark>
        <name>Renewi UK Services Ltd (Dalinlongart)</name>
        <address>PA23 8QS</address>
        <description><![CDATA[Town: DUNOON<br>Postcode: PA23 8QS]]></description>
        <styleUrl>#icon-1899-DB4436</styleUrl>
        <ExtendedData>
          <Data name="Town">
            <value>DUNOON</value>
          </Data>
          <Data name="Postcode">
            <value>PA23 8QS</value>
          </Data>
        </ExtendedData>
      </Placemark>
      <Placemark>
        <name>Renewi UK Services Ltd (Lingerton)</name>
        <address>PA31 8UR</address>
        <description><![CDATA[Town: LOCHGILPHEAD<br>Postcode: PA31 8UR]]></description>
        <styleUrl>#icon-1899-DB4436</styleUrl>
        <ExtendedData>
          <Data name="Town">
            <value>LOCHGILPHEAD</value>
          </Data>
          <Data name="Postcode">
            <value>PA31 8UR</value>
          </Data>
        </ExtendedData>
      </Placemark>
      <Placemark>
        <name>Renewi UK Services Ltd (Moleigh)</name>
        <address>PA34 4SD</address>
        <description><![CDATA[Town: OBAN<br>Postcode: PA34 4SD]]></description>
        <styleUrl>#icon-1899-DB4436</styleUrl>
        <ExtendedData>
          <Data name="Town">
            <value>OBAN</value>
          </Data>
          <Data name="Postcode">
            <value>PA34 4SD</value>
          </Data>
        </ExtendedData>
      </Placemark>
      <Placemark>
        <name>Severn Trent Green Power</name>
        <address>EN6 3NB</address>
        <description><![CDATA[Town: South Mimms<br>Postcode: EN6 3NB]]></description>
        <styleUrl>#icon-1899-DB4436</styleUrl>
        <ExtendedData>
          <Data name="Town">
            <value>South Mimms</value>
          </Data>
          <Data name="Postcode">
            <value>EN6 3NB</value>
          </Data>
        </ExtendedData>
      </Placemark>
      <Placemark>
        <name>Suez</name>
        <address>NE63 9XS</address>
        <description><![CDATA[Town: ASHINGTON<br>Postcode: NE63 9XS]]></description>
        <styleUrl>#icon-1899-DB4436</styleUrl>
        <ExtendedData>
          <Data name="Town">
            <value>ASHINGTON</value>
          </Data>
          <Data name="Postcode">
            <value>NE63 9XS</value>
          </Data>
        </ExtendedData>
      </Placemark>
      <Placemark>
        <name>Tamar Energy</name>
        <address>SG19 2HR</address>
        <description><![CDATA[Town: Sandy<br>Postcode: SG19 2HR]]></description>
        <styleUrl>#icon-1899-DB4436</styleUrl>
        <ExtendedData>
          <Data name="Town">
            <value>Sandy</value>
          </Data>
          <Data name="Postcode">
            <value>SG19 2HR</value>
          </Data>
        </ExtendedData>
      </Placemark>
      <Placemark>
        <name>THE FIRM OF A H TUCKER</name>
        <address>EH55 8LJ</address>
        <description><![CDATA[Town: WEST CALDER<br>Postcode: EH55 8LJ]]></description>
        <styleUrl>#icon-1899-DB4436</styleUrl>
        <ExtendedData>
          <Data name="Town">
            <value>WEST CALDER</value>
          </Data>
          <Data name="Postcode">
            <value>EH55 8LJ</value>
          </Data>
        </ExtendedData>
      </Placemark>
      <Placemark>
        <name>The Maltings Organics Treatment Ltd</name>
        <address>LS25 5FP</address>
        <description><![CDATA[Town: SOUTH MILFORD<br>Postcode: LS25 5FP]]></description>
        <styleUrl>#icon-1899-DB4436</styleUrl>
        <ExtendedData>
          <Data name="Town">
            <value>SOUTH MILFORD</value>
          </Data>
          <Data name="Postcode">
            <value>LS25 5FP</value>
          </Data>
        </ExtendedData>
      </Placemark>
      <Placemark>
        <name>Tunnel Tech Ltd</name>
        <address>SO20 6DD</address>
        <description><![CDATA[Town: Stockbridge<br>Postcode: SO20 6DD]]></description>
        <styleUrl>#icon-1899-DB4436</styleUrl>
        <ExtendedData>
          <Data name="Town">
            <value>Stockbridge</value>
          </Data>
          <Data name="Postcode">
            <value>SO20 6DD</value>
          </Data>
        </ExtendedData>
      </Placemark>
      <Placemark>
        <name>WASTE RECYCLING LTD</name>
        <address>LL13 9UT</address>
        <description><![CDATA[Town: WREXHAM<br>Postcode: LL13 9UT]]></description>
        <styleUrl>#icon-1899-DB4436</styleUrl>
        <ExtendedData>
          <Data name="Town">
            <value>WREXHAM</value>
          </Data>
          <Data name="Postcode">
            <value>LL13 9UT</value>
          </Data>
        </ExtendedData>
      </Placemark>
      <Placemark>
        <name>NWP (Glenside)</name>
        <address>BT17 0LH</address>
        <description><![CDATA[Town: Glenside Quarry<br>Postcode: BT17 0LH]]></description>
        <styleUrl>#icon-1899-DB4436</styleUrl>
        <ExtendedData>
          <Data name="Town">
            <value>Glenside Quarry</value>
          </Data>
          <Data name="Postcode">
            <value>BT17 0LH</value>
          </Data>
        </ExtendedData>
      </Placemark>
      <Placemark>
        <name>Northway Mushrooms Ltd</name>
        <address>BT70 2HP</address>
        <description><![CDATA[Town: Dungannon<br>Postcode: BT70 2HP]]></description>
        <styleUrl>#icon-1899-DB4436</styleUrl>
        <ExtendedData>
          <Data name="Town">
            <value>Dungannon</value>
          </Data>
          <Data name="Postcode">
            <value>BT70 2HP</value>
          </Data>
        </ExtendedData>
      </Placemark>
    </Folder>
  </Document>
</kml>
